step,type,amount,nameOrig,oldbalanceOrg,newbalanceOrig,nameDest,oldbalanceDest,newbalanceDest,isFraud,isFlaggedFraud,device_id,txn_timestamp,txn_date,hour_of_day,transaction_id
331,CASH_IN,339.5,C1006287,2320.94,2660.44,C2012138,0.0,339.5,0,0,DEV_952,2025-01-14 19:55:00,2025-01-14,19,TXN_100468
278,PAYMENT,90.25,C1015858,121.66,31.41,C2010091,41051.8,41051.8,0,0,DEV_723,2025-01-12 14:54:00,2025-01-12,14,TXN_100399
389,CASH_OUT,156.46,C1007507,0.0,0.0,C2004450,0.0,156.46,0,0,DEV_298,2025-01-17 05:20:00,2025-01-17,5,TXN_100501
7,TRANSFER,5632.84,C1001735,0.0,0.0,M1012334,0.0,5632.84,0,0,DEV_648,2025-01-01 07:52:00,2025-01-01,7,TXN_100254
234,TRANSFER,442475.97,C1020887,446565.45,0.0,M1001593,96901.79,539377.76,1,0,DEV_449,2025-01-10 18:07:00,2025-01-10,18,TXN_100329
109,CASH_OUT,362.01,C1017333,0.0,0.0,C2013499,0.0,362.01,0,0,DEV_733,2025-01-05 13:52:00,2025-01-05,13,TXN_100296
75,CASH_OUT,3402.69,C1011199,30503.33,27100.64,M1006668,23206.19,26608.88,0,0,DEV_166,2025-01-04 03:46:00,2025-01-04,3,TXN_100369
307,PAYMENT,308.22,C1007087,0.0,0.0,C2013185,31818.59,31818.59,0,0,DEV_931,2025-01-13 19:15:00,2025-01-13,19,TXN_100124
206,CASH_OUT,1281.75,C1024473,2387.82,1106.07,M1007409,26671.13,27952.88,0,0,DEV_340,2025-01-09 14:52:00,2025-01-09,14,TXN_100525
693,PAYMENT,61.32,C1020057,0.0,0.0,C2006449,0.0,0.0,0,0,DEV_539,2025-01-29 21:45:00,2025-01-29,21,TXN_100370
660,CASH_OUT,4048.57,C1021626,25504.86,21456.3,M1001311,0.0,4048.57,0,0,DEV_237,2025-01-28 12:54:00,2025-01-28,12,TXN_100643
608,CASH_OUT,2742.76,C1016176,2887.81,145.05,C2000672,33613.15,36355.92,0,0,DEV_117,2025-01-26 08:18:00,2025-01-26,8,TXN_100032
742,PAYMENT,68.7,C1019003,380.88,312.18,C2011721,48399.02,48399.02,0,0,DEV_817,2025-01-31 22:07:00,2025-01-31,22,TXN_100630
413,TRANSFER,746940.82,C1015511,747706.49,0.0,M1013360,81945.2,828886.02,1,0,DEV_909,2025-01-18 05:50:00,2025-01-18,5,TXN_100381
355,DEBIT,262.95,C1009494,2095.43,2358.39,M1011279,34047.33,34047.33,0,0,DEV_895,2025-01-15 19:34:00,2025-01-15,19,TXN_100435
265,PAYMENT,11.58,C1020415,54.9,43.32,C2011631,32396.22,32396.22,0,0,DEV_862,2025-01-12 01:18:00,2025-01-12,1,TXN_100613
710,TRANSFER,4574.42,C1014439,31121.62,26547.2,M1000937,0.0,4574.42,0,0,DEV_197,2025-01-30 14:46:00,2025-01-30,14,TXN_100371
46,TRANSFER,505.75,C1014451,4918.13,4412.38,C2010412,21127.23,21632.98,0,0,DEV_399,2025-01-02 22:21:00,2025-01-02,22,TXN_100156
98,CASH_OUT,907825.43,C1004468,908259.54,0.0,M1008758,65609.12,973434.55,1,0,DEV_495,2025-01-05 02:54:00,2025-01-05,2,TXN_100312
16,CASH_OUT,215633.81,C1012370,215775.71,0.0,C2001005,57094.91,272728.72,1,0,DEV_494,2025-01-01 16:48:00,2025-01-01,16,TXN_100045
13,PAYMENT,80.39,C1021771,133.43,53.04,M1014427,0.0,0.0,0,0,DEV_635,2025-01-01 13:19:00,2025-01-01,13,TXN_100396
101,CASH_OUT,137026.38,C1017803,137801.73,0.0,M1006722,82157.66,219184.04,1,0,DEV_371,2025-01-05 05:31:00,2025-01-05,5,TXN_100288
123,TRANSFER,1336.75,C1017999,1367.53,30.78,M1011754,49360.62,50697.37,0,0,DEV_766,2025-01-06 03:20:00,2025-01-06,3,TXN_100601
2,CASH_OUT,352067.55,C1002111,353344.69,0.0,C2008534,89469.52,441537.06,1,1,DEV_270,2025-01-01 02:35:00,2025-01-01,2,TXN_100236
28,PAYMENT,54.62,C1021839,77.65,23.03,M1011155,26890.54,26890.54,0,0,DEV_245,2025-01-02 04:01:00,2025-01-02,4,TXN_100200
28,CASH_OUT,406.14,C1019208,2753.78,2347.65,M1005731,15076.08,15482.21,0,0,DEV_733,2025-01-02 04:53:00,2025-01-02,4,TXN_100335
535,CASH_OUT,3945.83,C1010174,31108.84,27163.01,C2010499,0.0,3945.83,0,0,DEV_596,2025-01-23 07:45:00,2025-01-23,7,TXN_100326
548,CASH_IN,673.2,C1005315,0.0,673.2,C2011887,0.0,673.2,0,0,DEV_811,2025-01-23 20:52:00,2025-01-23,20,TXN_100605
403,PAYMENT,188.03,C1010205,970.7,782.67,M1003967,0.0,0.0,0,0,DEV_952,2025-01-17 19:39:00,2025-01-17,19,TXN_100639
163,CASH_OUT,325364.11,C1015046,327960.97,0.0,M1004988,73479.55,398843.66,1,1,DEV_717,2025-01-07 19:53:00,2025-01-07,19,TXN_100131
40,PAYMENT,134.85,C1002049,930.39,795.54,C2014728,17203.7,17203.7,0,0,DEV_191,2025-01-02 16:16:00,2025-01-02,16,TXN_100268
119,CASH_OUT,126578.19,C1028059,126983.32,0.0,M1002830,18403.56,144981.74,1,0,DEV_682,2025-01-05 23:30:00,2025-01-05,23,TXN_100243
405,CASH_OUT,914.83,C1012541,2933.24,2018.41,C2004289,17720.0,18634.83,0,0,DEV_924,2025-01-17 21:10:00,2025-01-17,21,TXN_100648
222,TRANSFER,2481.87,C1028167,9810.31,7328.44,M1008588,44573.16,47055.03,0,0,DEV_509,2025-01-10 06:41:00,2025-01-10,6,TXN_100284
397,PAYMENT,31.17,C1000056,0.0,0.0,M1000712,13789.33,13789.33,0,0,DEV_784,2025-01-17 13:32:00,2025-01-17,13,TXN_100322
403,CASH_OUT,634.87,C1027108,1862.76,1227.9,C2008791,20750.63,21385.5,0,0,DEV_308,2025-01-17 19:49:00,2025-01-17,19,TXN_100111
699,CASH_OUT,414594.22,C1025655,417209.32,0.0,M1014349,49795.81,464390.03,1,0,DEV_689,2025-01-30 03:19:00,2025-01-30,3,TXN_100561
447,PAYMENT,16.58,C1015399,49.16,32.58,C2012690,0.0,0.0,0,0,DEV_118,2025-01-19 15:23:00,2025-01-19,15,TXN_100414
96,TRANSFER,1302.9,C1028483,2100.98,798.08,C2001856,36978.65,38281.54,0,0,DEV_301,2025-01-05 00:43:00,2025-01-05,0,TXN_100240
303,TRANSFER,2846.64,C1010837,13436.85,10590.21,M1014472,13322.8,16169.44,0,0,DEV_187,2025-01-13 15:39:00,2025-01-13,15,TXN_100629
109,TRANSFER,1118.42,C1010579,8636.99,7518.57,C2008011,49390.36,50508.78,0,0,DEV_373,2025-01-05 13:13:00,2025-01-05,13,TXN_100089
17,PAYMENT,52.47,C1006995,0.0,0.0,M1005708,26210.29,26210.29,0,0,DEV_841,2025-01-01 17:19:00,2025-01-01,17,TXN_100153
207,TRANSFER,5893.02,C1003678,19465.79,13572.77,C2003036,5851.86,11744.88,0,0,DEV_320,2025-01-09 15:32:00,2025-01-09,15,TXN_100178
148,TRANSFER,354351.53,C1025269,358751.01,0.0,M1014469,4932.03,359283.56,1,0,DEV_217,2025-01-07 04:02:00,2025-01-07,4,TXN_100346
546,CASH_OUT,1751.59,C1024015,2610.59,859.0,M1010227,45053.62,46805.21,0,0,DEV_452,2025-01-23 18:53:00,2025-01-23,18,TXN_100257
388,TRANSFER,910025.02,C1016337,912301.44,0.0,C2006010,90222.85,1000247.87,1,0,DEV_747,2025-01-17 04:01:00,2025-01-17,4,TXN_100018
492,CASH_OUT,1403.39,C1026329,10570.79,9167.39,C2009309,192.12,1595.51,0,0,DEV_323,2025-01-21 12:34:00,2025-01-21,12,TXN_100487
536,PAYMENT,141.0,C1007836,839.24,698.25,C2010648,1248.62,1248.62,0,0,DEV_130,2025-01-23 08:12:00,2025-01-23,8,TXN_100367
47,PAYMENT,148.0,C1024300,0.0,0.0,C2003707,15454.4,15454.4,0,0,DEV_539,2025-01-02 23:37:00,2025-01-02,23,TXN_100524
42,PAYMENT,185.41,C1010571,1378.09,1192.68,M1004351,46343.78,46343.78,0,0,DEV_433,2025-01-02 18:49:00,2025-01-02,18,TXN_100147
162,PAYMENT,63.32,C1015151,0.0,0.0,M1013594,27718.62,27718.62,0,0,DEV_920,2025-01-07 18:45:00,2025-01-07,18,TXN_100094
510,CASH_OUT,590602.15,C1024514,591914.81,0.0,M1003283,1790.96,592393.11,1,0,DEV_340,2025-01-22 06:09:00,2025-01-22,6,TXN_100434
728,CASH_OUT,2425.84,C1008631,20002.72,17576.88,C2002727,5953.68,8379.52,0,0,DEV_325,2025-01-31 08:37:00,2025-01-31,8,TXN_100582
165,PAYMENT,163.53,C1009437,1163.69,1000.15,M1010939,0.0,0.0,0,0,DEV_504,2025-01-07 21:01:00,2025-01-07,21,TXN_100609
328,CASH_OUT,514692.57,C1013753,516106.72,0.0,M1008628,96934.27,611626.84,1,0,DEV_569,2025-01-14 16:55:00,2025-01-14,16,TXN_100117
356,CASH_OUT,3135.01,C1012551,17156.98,14021.97,C2004602,47570.31,50705.32,0,0,DEV_952,2025-01-15 20:19:00,2025-01-15,20,TXN_100494
381,TRANSFER,939.02,C1019268,0.0,0.0,M1004968,21522.3,22461.32,0,0,DEV_902,2025-01-16 21:56:00,2025-01-16,21,TXN_100285
184,TRANSFER,121.56,C1023660,508.07,386.51,M1009232,17077.51,17199.06,0,0,DEV_833,2025-01-08 16:18:00,2025-01-08,16,TXN_100374
449,CASH_OUT,155369.13,C1010788,158194.04,0.0,C2000571,26628.18,181997.3,1,0,DEV_831,2025-01-19 17:59:00,2025-01-19,17,TXN_100203
588,PAYMENT,283.4,C1024436,0.0,0.0,M1013201,0.0,0.0,0,0,DEV_547,2025-01-25 12:20:00,2025-01-25,12,TXN_100503
208,CASH_OUT,104114.68,C1012593,106854.95,0.0,C2002485,4022.58,108137.26,1,0,DEV_161,2025-01-09 16:04:00,2025-01-09,16,TXN_100351
117,TRANSFER,2423.15,C1023103,4451.39,2028.25,M1004460,34438.18,36861.33,0,0,DEV_584,2025-01-05 21:00:00,2025-01-05,21,TXN_100331
454,CASH_OUT,637157.19,C1007399,638050.51,0.0,M1014192,45733.7,682890.89,1,0,DEV_211,2025-01-19 22:58:00,2025-01-19,22,TXN_100522
95,CASH_IN,104.86,C1019877,738.97,843.83,C2004027,17437.86,17542.72,0,0,DEV_479,2025-01-04 23:31:00,2025-01-04,23,TXN_100512
320,TRANSFER,3580.88,C1013422,10872.89,7292.01,C2004274,0.0,3580.88,0,0,DEV_352,2025-01-14 08:48:00,2025-01-14,8,TXN_100469
526,PAYMENT,424.51,C1004423,2072.8,1648.29,M1006004,4499.39,4499.39,0,0,DEV_145,2025-01-22 22:05:00,2025-01-22,22,TXN_100155
311,CASH_OUT,26.82,C1016594,259.33,232.51,M1002205,0.0,26.82,0,0,DEV_629,2025-01-13 23:10:00,2025-01-13,23,TXN_100286
328,CASH_IN,752.27,C1024914,3398.3,4150.58,M1014066,0.0,752.27,0,0,DEV_110,2025-01-14 16:53:00,2025-01-14,16,TXN_100056
12,CASH_OUT,1157.29,C1005015,5150.05,3992.76,M1010995,0.0,1157.29,0,0,DEV_695,2025-01-01 12:22:00,2025-01-01,12,TXN_100010
42,CASH_OUT,135.18,C1016420,1037.94,902.76,C2011146,37841.02,37976.2,0,0,DEV_258,2025-01-02 18:27:00,2025-01-02,18,TXN_100533
141,CASH_OUT,745324.32,C1020626,747687.35,0.0,C2001104,11789.51,757113.83,1,0,DEV_422,2025-01-06 21:32:00,2025-01-06,21,TXN_100292
31,TRANSFER,2262.81,C1013391,14037.38,11774.57,M1010321,0.0,2262.81,0,0,DEV_170,2025-01-02 07:50:00,2025-01-02,7,TXN_100188
387,TRANSFER,410334.84,C1015440,413826.46,0.0,M1004558,43603.72,453938.56,1,0,DEV_262,2025-01-17 03:38:00,2025-01-17,3,TXN_100223
632,PAYMENT,457.51,C1016507,3270.19,2812.68,M1013141,0.0,0.0,0,0,DEV_532,2025-01-27 08:04:00,2025-01-27,8,TXN_100316
584,CASH_OUT,1785.31,C1004746,13929.44,12144.14,C2000430,0.0,1785.31,0,0,DEV_282,2025-01-25 08:58:00,2025-01-25,8,TXN_100586
71,CASH_OUT,586697.11,C1024364,589899.57,0.0,M1001944,94543.98,681241.08,1,0,DEV_245,2025-01-03 23:35:00,2025-01-03,23,TXN_100170
305,CASH_OUT,133.5,C1002811,1256.15,1122.65,C2010076,15982.01,16115.51,0,0,DEV_169,2025-01-13 17:34:00,2025-01-13,17,TXN_100427
484,TRANSFER,428.86,C1023393,0.0,0.0,M1012127,48976.1,49404.96,0,0,DEV_832,2025-01-21 04:20:00,2025-01-21,4,TXN_100225
188,TRANSFER,318517.56,C1027278,322751.9,0.0,M1012197,2816.79,321334.36,1,0,DEV_478,2025-01-08 20:54:00,2025-01-08,20,TXN_100029
707,TRANSFER,2135.7,C1008051,16885.48,14749.78,C2004958,45809.07,47944.77,0,0,DEV_287,2025-01-30 11:02:00,2025-01-30,11,TXN_100119
7,CASH_OUT,760.7,C1027875,0.0,0.0,C2000772,0.0,760.7,0,0,DEV_134,2025-01-01 07:56:00,2025-01-01,7,TXN_100413
541,TRANSFER,1047.26,C1012063,6656.29,5609.03,C2001441,0.0,1047.26,0,0,DEV_840,2025-01-23 13:17:00,2025-01-23,13,TXN_100578
330,CASH_OUT,928.84,C1022109,8308.41,7379.58,C2003815,40667.94,41596.78,0,0,DEV_779,2025-01-14 18:35:00,2025-01-14,18,TXN_100647
158,PAYMENT,173.0,C1003117,0.0,0.0,M1003951,0.0,0.0,0,0,DEV_890,2025-01-07 14:12:00,2025-01-07,14,TXN_100520
462,TRANSFER,1027.48,C1006959,6696.35,5668.87,C2000027,5766.47,6793.95,0,0,DEV_406,2025-01-20 06:33:00,2025-01-20,6,TXN_100008
652,CASH_IN,609.09,C1002296,3646.78,4255.86,M1009456,12064.44,12673.53,0,0,DEV_316,2025-01-28 04:49:00,2025-01-28,4,TXN_100307
574,CASH_OUT,78030.43,C1013058,82975.25,0.0,C2005965,12909.99,90940.42,1,1,DEV_257,2025-01-24 22:38:00,2025-01-24,22,TXN_100403
133,CASH_IN,603.13,C1022208,0.0,603.13,M1007287,21454.26,22057.39,0,0,DEV_959,2025-01-06 13:24:00,2025-01-06,13,TXN_100590
131,PAYMENT,41.28,C1015848,276.15,234.86,M1012498,16310.12,16310.12,0,0,DEV_639,2025-01-06 11:47:00,2025-01-06,11,TXN_100033
378,PAYMENT,119.28,C1007035,306.27,186.99,C2001110,20511.3,20511.3,0,0,DEV_275,2025-01-16 18:48:00,2025-01-16,18,TXN_100600
335,TRANSFER,503280.17,C1008996,506324.89,0.0,M1005270,27700.51,530980.68,1,0,DEV_755,2025-01-14 23:26:00,2025-01-14,23,TXN_100559
352,PAYMENT,108.63,C1023895,0.0,0.0,C2004997,9023.95,9023.95,0,0,DEV_297,2025-01-15 16:45:00,2025-01-15,16,TXN_100615
435,CASH_OUT,365976.79,C1008595,366104.7,0.0,C2003023,68163.84,434140.62,1,0,DEV_933,2025-01-19 03:46:00,2025-01-19,3,TXN_100183
343,CASH_OUT,229.34,C1028856,0.0,0.0,C2000730,0.0,229.34,0,0,DEV_882,2025-01-15 07:02:00,2025-01-15,7,TXN_100511
232,PAYMENT,239.89,C1010051,1354.1,1114.21,M1001200,37772.53,37772.53,0,0,DEV_709,2025-01-10 16:26:00,2025-01-10,16,TXN_100298
334,TRANSFER,139037.02,C1017165,143749.56,0.0,M1009352,22726.72,161763.74,1,0,DEV_400,2025-01-14 22:16:00,2025-01-14,22,TXN_100244
591,CASH_OUT,212.85,C1008869,1239.42,1026.58,C2003396,0.0,212.85,0,0,DEV_625,2025-01-25 15:35:00,2025-01-25,15,TXN_100138
8,TRANSFER,1251.56,C1008070,0.0,0.0,C2012539,43025.81,44277.38,0,0,DEV_940,2025-01-01 08:01:00,2025-01-01,8,TXN_100141
399,PAYMENT,16.17,C1021278,0.0,0.0,M1005998,24709.07,24709.07,0,0,DEV_192,2025-01-17 15:08:00,2025-01-17,15,TXN_100632
612,TRANSFER,2844.01,C1008633,8155.32,5311.31,M1001821,34322.23,37166.23,0,0,DEV_471,2025-01-26 12:34:00,2025-01-26,12,TXN_100478
305,TRANSFER,930.37,C1003991,9280.45,8350.08,M1004507,25808.02,26738.39,0,0,DEV_510,2025-01-13 17:18:00,2025-01-13,17,TXN_100052
159,TRANSFER,872616.88,C1004356,874396.14,0.0,M1014847,22743.28,895360.16,1,0,DEV_916,2025-01-07 15:19:00,2025-01-07,15,TXN_100549
564,CASH_OUT,742107.77,C1008899,742827.86,0.0,C2006288,49849.74,791957.5,1,0,DEV_237,2025-01-24 12:02:00,2025-01-24,12,TXN_100101
197,CASH_OUT,418172.4,C1008898,422582.05,0.0,M1012948,32329.54,450501.94,1,0,DEV_472,2025-01-09 05:48:00,2025-01-09,5,TXN_100593
272,PAYMENT,422.37,C1008938,3548.67,3126.3,M1006281,47851.55,47851.55,0,0,DEV_601,2025-01-12 08:09:00,2025-01-12,8,TXN_100214
27,PAYMENT,23.93,C1025107,0.0,0.0,C2014979,42194.9,42194.9,0,0,DEV_809,2025-01-02 03:42:00,2025-01-02,3,TXN_100152
536,PAYMENT,38.03,C1011922,142.54,104.5,M1002088,0.0,0.0,0,0,DEV_638,2025-01-23 08:25:00,2025-01-23,8,TXN_100391
629,TRANSFER,796382.26,C1016458,798962.45,0.0,C2011201,68363.33,864745.59,1,1,DEV_998,2025-01-27 05:05:00,2025-01-27,5,TXN_100384
731,CASH_IN,568.45,C1004707,0.0,568.45,C2001455,40827.7,41396.15,0,0,DEV_913,2025-01-31 11:29:00,2025-01-31,11,TXN_100126
105,CASH_IN,1679.93,C1006586,10051.11,11731.04,C2014609,0.0,1679.93,0,0,DEV_981,2025-01-05 09:43:00,2025-01-05,9,TXN_100264
257,TRANSFER,229819.77,C1008750,234231.93,0.0,C2009483,45949.23,275769.0,1,0,DEV_290,2025-01-11 17:04:00,2025-01-11,17,TXN_100349
73,TRANSFER,2332.46,C1006345,2840.12,507.66,M1003491,6998.34,9330.8,0,0,DEV_618,2025-01-04 01:26:00,2025-01-04,1,TXN_100490
509,CASH_OUT,509356.25,C1026258,512935.74,0.0,C2000410,72907.14,582263.39,1,0,DEV_422,2025-01-22 05:30:00,2025-01-22,5,TXN_100321
242,PAYMENT,56.63,C1012552,162.99,106.36,C2011995,0.0,0.0,0,0,DEV_564,2025-01-11 02:11:00,2025-01-11,2,TXN_100258
642,CASH_IN,107.5,C1015571,981.37,1088.86,C2004925,36573.97,36681.47,0,0,DEV_431,2025-01-27 18:10:00,2025-01-27,18,TXN_100306
450,CASH_OUT,215.45,C1001175,1744.7,1529.25,M1013256,30434.02,30649.47,0,0,DEV_715,2025-01-19 18:11:00,2025-01-19,18,TXN_100135
432,CASH_OUT,654.51,C1019706,1053.46,398.95,C2012999,39578.84,40233.35,0,0,DEV_599,2025-01-19 00:02:00,2025-01-19,0,TXN_100007
243,CASH_OUT,260581.74,C1027138,262439.31,0.0,M1004796,92603.53,353185.27,1,0,DEV_748,2025-01-11 03:29:00,2025-01-11,3,TXN_100261
428,PAYMENT,348.47,C1018968,1502.26,1153.79,C2000446,0.0,0.0,0,0,DEV_209,2025-01-18 20:17:00,2025-01-18,20,TXN_100024
313,PAYMENT,52.54,C1011144,277.15,224.6,M1005083,0.0,0.0,0,0,DEV_310,2025-01-14 01:08:00,2025-01-14,1,TXN_100460
481,CASH_OUT,2331.7,C1004719,16278.87,13947.17,M1000173,0.0,2331.7,0,0,DEV_953,2025-01-21 01:31:00,2025-01-21,1,TXN_100505
90,CASH_IN,544.9,C1010443,2426.33,2971.22,C2013832,0.0,544.9,0,0,DEV_105,2025-01-04 18:50:00,2025-01-04,18,TXN_100489
280,CASH_OUT,1500.31,C1023072,0.0,0.0,C2007169,0.0,1500.31,0,0,DEV_353,2025-01-12 16:30:00,2025-01-12,16,TXN_100398
304,CASH_OUT,523.59,C1003283,4936.18,4412.6,M1010151,0.0,523.59,0,0,DEV_527,2025-01-13 16:23:00,2025-01-13,16,TXN_100638
254,CASH_OUT,79.66,C1012743,780.15,700.5,C2009122,0.0,79.66,0,0,DEV_388,2025-01-11 14:36:00,2025-01-11,14,TXN_100159
281,CASH_OUT,3239.19,C1014519,0.0,0.0,C2011748,39639.35,42878.54,0,0,DEV_597,2025-01-12 17:57:00,2025-01-12,17,TXN_100504
144,CASH_OUT,1271.81,C1016251,4899.71,3627.9,M1008319,43333.66,44605.46,0,0,DEV_416,2025-01-07 00:14:00,2025-01-07,0,TXN_100256
666,PAYMENT,107.97,C1008824,740.8,632.83,M1008290,0.0,0.0,0,0,DEV_272,2025-01-28 18:46:00,2025-01-28,18,TXN_100341
205,CASH_OUT,259.52,C1018714,0.0,0.0,C2007563,0.0,259.52,0,0,DEV_339,2025-01-09 13:45:00,2025-01-09,13,TXN_100407
682,PAYMENT,463.25,C1022906,0.0,0.0,C2012450,26607.53,26607.53,0,0,DEV_994,2025-01-29 10:29:00,2025-01-29,10,TXN_100066
43,TRANSFER,760.79,C1003664,6329.47,5568.68,C2010036,28185.16,28945.95,0,0,DEV_584,2025-01-02 19:15:00,2025-01-02,19,TXN_100182
389,CASH_OUT,109893.92,C1025943,112915.28,0.0,C2000298,43083.42,152977.34,1,0,DEV_667,2025-01-17 05:54:00,2025-01-17,5,TXN_100112
575,PAYMENT,8.08,C1007898,31.3,23.22,C2007375,0.0,0.0,0,0,DEV_980,2025-01-24 23:53:00,2025-01-24,23,TXN_100386
182,PAYMENT,290.54,C1018364,1012.97,722.43,C2007651,5450.64,5450.64,0,0,DEV_953,2025-01-08 14:34:00,2025-01-08,14,TXN_100289
613,TRANSFER,2625.73,C1009802,0.0,0.0,C2006058,23864.37,26490.09,0,0,DEV_506,2025-01-26 13:00:00,2025-01-26,13,TXN_100378
637,PAYMENT,115.48,C1028058,0.0,0.0,M1005940,6828.94,6828.94,0,0,DEV_512,2025-01-27 13:31:00,2025-01-27,13,TXN_100314
523,PAYMENT,259.95,C1014354,1242.25,982.3,C2013304,28091.52,28091.52,0,0,DEV_187,2025-01-22 19:33:00,2025-01-22,19,TXN_100519
741,CASH_OUT,51.64,C1020037,468.02,416.39,C2011131,27591.2,27642.83,0,0,DEV_217,2025-01-31 21:23:00,2025-01-31,21,TXN_100428
85,TRANSFER,1172.69,C1019882,4310.82,3138.13,C2003545,0.0,1172.69,0,0,DEV_233,2025-01-04 13:02:00,2025-01-04,13,TXN_100387
84,PAYMENT,345.41,C1017030,0.0,0.0,M1002967,31812.75,31812.75,0,0,DEV_734,2025-01-04 12:54:00,2025-01-04,12,TXN_100136
121,PAYMENT,55.4,C1022529,0.0,0.0,C2006644,0.0,0.0,0,0,DEV_306,2025-01-06 01:14:00,2025-01-06,1,TXN_100030
314,CASH_OUT,80.15,C1016097,339.76,259.61,M1014421,0.0,80.15,0,0,DEV_914,2025-01-14 02:11:00,2025-01-14,2,TXN_100146
205,PAYMENT,20.6,C1021848,0.0,0.0,C2005542,46177.05,46177.05,0,0,DEV_937,2025-01-09 13:43:00,2025-01-09,13,TXN_100579
251,PAYMENT,66.95,C1026061,553.95,487.0,M1010849,0.0,0.0,0,0,DEV_808,2025-01-11 11:24:00,2025-01-11,11,TXN_100608
733,PAYMENT,519.28,C1019002,4046.55,3527.27,M1011437,0.0,0.0,0,0,DEV_903,2025-01-31 13:45:00,2025-01-31,13,TXN_100242
153,PAYMENT,74.9,C1012015,509.69,434.79,C2009552,0.0,0.0,0,0,DEV_490,2025-01-07 09:31:00,2025-01-07,9,TXN_100210
642,CASH_OUT,2162.27,C1003948,12196.5,10034.23,C2008480,23263.01,25425.28,0,0,DEV_830,2025-01-27 18:57:00,2025-01-27,18,TXN_100079
548,CASH_OUT,4206.56,C1026348,35675.9,31469.34,M1005767,25326.64,29533.2,0,0,DEV_349,2025-01-23 20:15:00,2025-01-23,20,TXN_100142
726,TRANSFER,87.79,C1025130,0.0,0.0,M1005132,12566.8,12654.59,0,0,DEV_575,2025-01-31 06:03:00,2025-01-31,6,TXN_100283
216,CASH_OUT,3926.67,C1026531,11296.55,7369.88,M1002424,48169.56,52096.23,0,0,DEV_297,2025-01-10 00:34:00,2025-01-10,0,TXN_100330
25,CASH_OUT,953972.62,C1011909,954285.12,0.0,C2010731,67686.56,1021659.17,1,0,DEV_230,2025-01-02 01:10:00,2025-01-02,1,TXN_100540
266,CASH_OUT,220486.8,C1016962,222340.16,0.0,M1004105,80844.07,301330.86,1,0,DEV_875,2025-01-12 02:04:00,2025-01-12,2,TXN_100572
22,CASH_OUT,2115.83,C1005798,20777.29,18661.46,C2013161,33872.25,35988.07,0,0,DEV_802,2025-01-01 22:27:00,2025-01-01,22,TXN_100420
404,CASH_OUT,71.2,C1002960,506.09,434.89,M1001976,0.0,71.2,0,0,DEV_426,2025-01-17 20:42:00,2025-01-17,20,TXN_100557
288,TRANSFER,467998.15,C1012368,472916.69,0.0,C2011091,55234.89,523233.03,1,0,DEV_721,2025-01-13 00:17:00,2025-01-13,0,TXN_100031
564,CASH_OUT,1575.04,C1014125,5815.73,4240.69,M1014503,0.0,1575.04,0,0,DEV_318,2025-01-24 12:30:00,2025-01-24,12,TXN_100560
387,CASH_OUT,168.55,C1008669,1104.46,935.92,C2003753,46132.75,46301.3,0,0,DEV_137,2025-01-17 03:47:00,2025-01-17,3,TXN_100229
137,TRANSFER,2453.41,C1025530,0.0,0.0,M1009802,35117.62,37571.03,0,0,DEV_311,2025-01-06 17:05:00,2025-01-06,17,TXN_100297
540,CASH_OUT,645.38,C1027392,0.0,0.0,C2007409,0.0,645.38,0,0,DEV_859,2025-01-23 12:37:00,2025-01-23,12,TXN_100118
156,PAYMENT,185.19,C1013765,0.0,0.0,M1009989,0.0,0.0,0,0,DEV_521,2025-01-07 12:27:00,2025-01-07,12,TXN_100472
266,PAYMENT,27.4,C1018614,0.0,0.0,C2012085,21715.73,21715.73,0,0,DEV_445,2025-01-12 02:31:00,2025-01-12,2,TXN_100528
293,CASH_IN,167.31,C1006816,234.84,402.15,M1002431,0.0,167.31,0,0,DEV_859,2025-01-13 05:37:00,2025-01-13,5,TXN_100364
334,CASH_OUT,7884.03,C1021602,0.0,0.0,C2002395,23444.37,31328.4,0,0,DEV_241,2025-01-14 22:15:00,2025-01-14,22,TXN_100281
84,PAYMENT,105.79,C1004147,236.84,131.04,C2001990,34116.52,34116.52,0,0,DEV_213,2025-01-04 12:11:00,2025-01-04,12,TXN_100449
49,CASH_OUT,992904.48,C1002802,995152.46,0.0,C2001025,90891.72,1083796.2,1,1,DEV_763,2025-01-03 01:24:00,2025-01-03,1,TXN_100197
119,CASH_OUT,74804.2,C1017570,78618.69,0.0,C2008027,81077.85,155882.05,1,0,DEV_704,2025-01-05 23:13:00,2025-01-05,23,TXN_100184
84,CASH_OUT,121613.34,C1003528,122655.36,0.0,M1008189,17521.32,139134.65,1,0,DEV_956,2025-01-04 12:39:00,2025-01-04,12,TXN_100333
559,PAYMENT,44.34,C1009388,336.15,291.81,M1001816,41333.7,41333.7,0,0,DEV_364,2025-01-24 07:13:00,2025-01-24,7,TXN_100616
23,TRANSFER,359.16,C1029400,2025.4,1666.25,M1005593,26859.35,27218.51,0,0,DEV_446,2025-01-01 23:28:00,2025-01-01,23,TXN_100554
686,CASH_OUT,334914.08,C1013335,339357.86,0.0,M1007601,51803.01,386717.1,1,0,DEV_790,2025-01-29 14:13:00,2025-01-29,14,TXN_100302
476,CASH_OUT,364660.11,C1027264,365481.44,0.0,M1006771,15427.03,380087.15,1,0,DEV_787,2025-01-20 20:35:00,2025-01-20,20,TXN_100051
378,CASH_OUT,329.18,C1024648,0.0,0.0,C2004220,17792.26,18121.44,0,0,DEV_159,2025-01-16 18:45:00,2025-01-16,18,TXN_100042
400,CASH_OUT,1053.58,C1007657,8846.01,7792.43,M1001691,42216.45,43270.03,0,0,DEV_580,2025-01-17 16:17:00,2025-01-17,16,TXN_100621
257,PAYMENT,444.32,C1000618,655.38,211.05,M1002610,0.0,0.0,0,0,DEV_458,2025-01-11 17:20:00,2025-01-11,17,TXN_100224
588,PAYMENT,14.08,C1027247,0.0,0.0,M1013948,34027.08,34027.08,0,0,DEV_224,2025-01-25 12:05:00,2025-01-25,12,TXN_100447
304,PAYMENT,103.91,C1015288,458.16,354.26,C2010877,8703.03,8703.03,0,0,DEV_306,2025-01-13 16:00:00,2025-01-13,16,TXN_100496
591,CASH_OUT,513.23,C1015151,0.0,0.0,M1009276,18487.69,19000.92,0,0,DEV_109,2025-01-25 15:04:00,2025-01-25,15,TXN_100517
731,PAYMENT,121.38,C1002685,0.0,0.0,C2006245,0.0,0.0,0,0,DEV_477,2025-01-31 11:52:00,2025-01-31,11,TXN_100382
286,CASH_OUT,482.74,C1027331,1108.17,625.43,C2000414,0.0,482.74,0,0,DEV_497,2025-01-12 22:24:00,2025-01-12,22,TXN_100436
46,TRANSFER,264136.24,C1016997,264218.3,0.0,C2000849,80363.37,344499.61,1,0,DEV_348,2025-01-02 22:25:00,2025-01-02,22,TXN_100393
40,CASH_OUT,897.64,C1025780,5497.95,4600.31,C2014297,32970.39,33868.04,0,0,DEV_597,2025-01-02 16:12:00,2025-01-02,16,TXN_100527
658,PAYMENT,475.24,C1002102,4289.56,3814.32,M1012736,39368.76,39368.76,0,0,DEV_363,2025-01-28 10:14:00,2025-01-28,10,TXN_100250
318,CASH_OUT,1174.22,C1020955,2282.47,1108.25,M1001452,0.0,1174.22,0,0,DEV_764,2025-01-14 06:53:00,2025-01-14,6,TXN_100041
384,CASH_OUT,661950.93,C1009481,662406.0,0.0,C2003518,18249.7,680200.63,1,0,DEV_711,2025-01-17 00:56:00,2025-01-17,0,TXN_100363
288,TRANSFER,667501.54,C1000312,669929.15,0.0,M1014812,42044.31,709545.85,1,0,DEV_526,2025-01-13 00:11:00,2025-01-13,0,TXN_100095
17,CASH_OUT,689.44,C1026487,3287.24,2597.8,C2007785,44451.29,45140.72,0,0,DEV_734,2025-01-01 17:50:00,2025-01-01,17,TXN_100537
113,CASH_OUT,3069.1,C1010850,24179.05,21109.95,C2006453,0.0,3069.1,0,0,DEV_529,2025-01-05 17:03:00,2025-01-05,17,TXN_100344
148,CASH_OUT,4369.32,C1005568,0.0,0.0,C2001314,18139.81,22509.13,0,0,DEV_304,2025-01-07 04:20:00,2025-01-07,4,TXN_100626
47,TRANSFER,1408.14,C1021604,2016.4,608.25,M1011568,5957.61,7365.75,0,0,DEV_925,2025-01-02 23:21:00,2025-01-02,23,TXN_100270
564,PAYMENT,21.58,C1027838,156.28,134.7,C2001505,0.0,0.0,0,0,DEV_919,2025-01-24 12:52:00,2025-01-24,12,TXN_100538
699,PAYMENT,130.96,C1020211,933.67,802.7,M1003232,0.0,0.0,0,0,DEV_317,2025-01-30 03:14:00,2025-01-30,3,TXN_100034
304,PAYMENT,148.17,C1012375,1160.04,1011.87,C2000621,41128.69,41128.69,0,0,DEV_395,2025-01-13 16:55:00,2025-01-13,16,TXN_100237
492,TRANSFER,3675.22,C1002538,8668.17,4992.94,C2009581,27285.19,30960.42,0,0,DEV_830,2025-01-21 12:50:00,2025-01-21,12,TXN_100294
47,TRANSFER,23.39,C1006896,204.4,181.02,C2013139,35221.89,35245.28,0,0,DEV_680,2025-01-02 23:04:00,2025-01-02,23,TXN_100040
18,TRANSFER,307.64,C1016982,0.0,0.0,C2009421,25068.84,25376.48,0,0,DEV_950,2025-01-01 18:21:00,2025-01-01,18,TXN_100541
594,PAYMENT,12.91,C1025905,0.0,0.0,C2013439,30427.49,30427.49,0,0,DEV_996,2025-01-25 18:51:00,2025-01-25,18,TXN_100122
738,CASH_OUT,1589.54,C1007174,11676.76,10087.22,M1006164,0.0,1589.54,0,0,DEV_666,2025-01-31 18:19:00,2025-01-31,18,TXN_100181
419,CASH_OUT,819686.01,C1028994,822529.27,0.0,C2002074,64970.31,884656.31,1,0,DEV_649,2025-01-18 11:32:00,2025-01-18,11,TXN_100043
605,PAYMENT,57.43,C1025116,559.7,502.27,M1008218,45615.52,45615.52,0,0,DEV_861,2025-01-26 05:21:00,2025-01-26,5,TXN_100592
733,CASH_OUT,1084.93,C1018792,0.0,0.0,M1009718,0.0,1084.93,0,0,DEV_720,2025-01-31 13:22:00,2025-01-31,13,TXN_100464
36,PAYMENT,52.43,C1020228,288.02,235.59,C2012887,34429.99,34429.99,0,0,DEV_563,2025-01-02 12:49:00,2025-01-02,12,TXN_100259
337,CASH_IN,45.78,C1024339,0.0,45.78,M1007319,0.0,45.78,0,0,DEV_253,2025-01-15 01:18:00,2025-01-15,1,TXN_100452
339,CASH_IN,251.85,C1014947,0.0,251.85,M1005404,32882.96,33134.81,0,0,DEV_775,2025-01-15 03:20:00,2025-01-15,3,TXN_100044
202,CASH_OUT,402215.05,C1019770,405845.41,0.0,M1001052,74930.75,477145.79,1,1,DEV_563,2025-01-09 10:28:00,2025-01-09,10,TXN_100395
459,PAYMENT,37.89,C1011227,316.99,279.1,M1003650,27800.62,27800.62,0,0,DEV_322,2025-01-20 03:14:00,2025-01-20,3,TXN_100059
56,PAYMENT,99.48,C1008984,0.0,0.0,M1000995,7350.05,7350.05,0,0,DEV_870,2025-01-03 08:56:00,2025-01-03,8,TXN_100409
400,PAYMENT,80.52,C1018409,0.0,0.0,C2002132,0.0,0.0,0,0,DEV_959,2025-01-17 16:57:00,2025-01-17,16,TXN_100012
71,CASH_IN,16.4,C1015345,40.74,57.14,C2004607,0.0,16.4,0,0,DEV_839,2025-01-03 23:55:00,2025-01-03,23,TXN_100360
179,CASH_OUT,79.49,C1012254,530.15,450.66,M1000390,0.0,79.49,0,0,DEV_567,2025-01-08 11:44:00,2025-01-08,11,TXN_100198
682,CASH_OUT,727846.24,C1021048,730589.65,0.0,M1004497,92182.72,820028.97,1,1,DEV_486,2025-01-29 10:51:00,2025-01-29,10,TXN_100459
588,PAYMENT,27.79,C1011436,33.99,6.2,C2011693,41785.19,41785.19,0,0,DEV_434,2025-01-25 12:24:00,2025-01-25,12,TXN_100587
17,TRANSFER,79.49,C1021619,554.97,475.49,M1009516,0.0,79.49,0,0,DEV_439,2025-01-01 17:16:00,2025-01-01,17,TXN_100057
304,PAYMENT,56.02,C1016621,0.0,0.0,C2012859,36739.93,36739.93,0,0,DEV_189,2025-01-13 16:49:00,2025-01-13,16,TXN_100212
424,CASH_OUT,889400.24,C1011020,893728.27,0.0,C2009334,56211.2,945611.44,1,0,DEV_848,2025-01-18 16:19:00,2025-01-18,16,TXN_100110
35,CASH_OUT,72.21,C1015778,0.0,0.0,C2000855,0.0,72.21,0,0,DEV_897,2025-01-02 11:18:00,2025-01-02,11,TXN_100441
581,PAYMENT,95.76,C1010818,224.41,128.65,M1002578,0.0,0.0,0,0,DEV_920,2025-01-25 05:05:00,2025-01-25,5,TXN_100551
26,CASH_OUT,6656.31,C1024664,0.0,0.0,C2014488,46604.17,53260.48,0,0,DEV_940,2025-01-02 02:02:00,2025-01-02,2,TXN_100196
477,CASH_OUT,142.18,C1010622,0.0,0.0,C2001451,0.0,142.18,0,0,DEV_186,2025-01-20 21:52:00,2025-01-20,21,TXN_100074
419,CASH_IN,949.48,C1010397,2261.74,3211.22,C2004744,0.0,949.48,0,0,DEV_245,2025-01-18 11:40:00,2025-01-18,11,TXN_100220
25,CASH_OUT,449519.35,C1001242,453786.07,0.0,C2008609,42507.88,492027.22,1,0,DEV_700,2025-01-02 01:07:00,2025-01-02,1,TXN_100337
182,CASH_OUT,92.13,C1006439,547.38,455.25,M1008170,0.0,92.13,0,0,DEV_836,2025-01-08 14:33:00,2025-01-08,14,TXN_100218
656,CASH_OUT,979226.45,C1015244,983361.95,0.0,M1003453,94129.76,1073356.21,1,0,DEV_515,2025-01-28 08:45:00,2025-01-28,8,TXN_100446
734,CASH_IN,81.73,C1015011,0.0,81.73,C2003041,6561.91,6643.64,0,0,DEV_463,2025-01-31 14:48:00,2025-01-31,14,TXN_100211
305,TRANSFER,397952.09,C1029846,398532.33,0.0,C2013144,47726.46,445678.55,1,0,DEV_791,2025-01-13 17:35:00,2025-01-13,17,TXN_100308
47,TRANSFER,366.06,C1029559,788.47,422.41,C2014222,49045.76,49411.82,0,0,DEV_803,2025-01-02 23:51:00,2025-01-02,23,TXN_100309
430,CASH_IN,860.17,C1027841,3244.47,4104.64,C2013802,19843.05,20703.22,0,0,DEV_687,2025-01-18 22:56:00,2025-01-18,22,TXN_100088
408,PAYMENT,43.81,C1013665,326.43,282.63,C2013630,25504.23,25504.23,0,0,DEV_299,2025-01-18 00:23:00,2025-01-18,0,TXN_100002
533,CASH_OUT,608745.14,C1012246,611929.13,0.0,C2004917,46302.59,655047.73,1,0,DEV_613,2025-01-23 05:05:00,2025-01-23,5,TXN_100062
150,CASH_OUT,1066.9,C1018747,0.0,0.0,M1005020,0.0,1066.9,0,0,DEV_952,2025-01-07 06:55:00,2025-01-07,6,TXN_100405
242,CASH_IN,291.95,C1017609,673.77,965.73,M1011026,33973.94,34265.89,0,0,DEV_222,2025-01-11 02:27:00,2025-01-11,2,TXN_100238
688,TRANSFER,173791.34,C1012932,178019.88,0.0,C2008694,7956.48,181747.82,1,0,DEV_806,2025-01-29 16:27:00,2025-01-29,16,TXN_100416
175,TRANSFER,3947.01,C1008654,0.0,0.0,M1010493,172.87,4119.88,0,0,DEV_847,2025-01-08 07:52:00,2025-01-08,7,TXN_100303
437,CASH_OUT,907487.38,C1014506,911931.32,0.0,M1008475,44263.73,951751.12,1,0,DEV_419,2025-01-19 05:25:00,2025-01-19,5,TXN_100591
627,TRANSFER,63.42,C1016856,0.0,0.0,C2013558,0.0,63.42,0,0,DEV_312,2025-01-27 03:55:00,2025-01-27,3,TXN_100484
228,CASH_OUT,3303.34,C1004518,6642.48,3339.14,M1013172,9600.86,12904.2,0,0,DEV_359,2025-01-10 12:58:00,2025-01-10,12,TXN_100053
595,CASH_OUT,247162.99,C1003426,251839.97,0.0,M1012102,9003.57,256166.56,1,0,DEV_919,2025-01-25 19:07:00,2025-01-25,19,TXN_100151
400,TRANSFER,415920.56,C1013774,419017.83,0.0,C2013351,69378.59,485299.15,1,1,DEV_549,2025-01-17 16:01:00,2025-01-17,16,TXN_100004
139,CASH_OUT,1632.82,C1000308,9727.34,8094.52,M1011897,11.4,1644.22,0,0,DEV_244,2025-01-06 19:17:00,2025-01-06,19,TXN_100581
705,CASH_OUT,1845.44,C1024199,7285.81,5440.37,M1011351,0.0,1845.44,0,0,DEV_508,2025-01-30 09:54:00,2025-01-30,9,TXN_100116
327,DEBIT,391.2,C1026329,0.0,391.2,M1010320,16220.14,16220.14,0,0,DEV_567,2025-01-14 15:50:00,2025-01-14,15,TXN_100401
491,PAYMENT,22.83,C1017032,106.13,83.3,M1010221,35405.0,35405.0,0,0,DEV_867,2025-01-21 11:46:00,2025-01-21,11,TXN_100509
106,CASH_OUT,306.73,C1016730,0.0,0.0,C2009775,20348.24,20654.98,0,0,DEV_415,2025-01-05 10:02:00,2025-01-05,10,TXN_100290
80,PAYMENT,45.68,C1018537,0.0,0.0,M1009186,0.0,0.0,0,0,DEV_749,2025-01-04 08:54:00,2025-01-04,8,TXN_100353
221,CASH_OUT,713970.34,C1001891,717675.19,0.0,C2000239,49893.8,763864.13,1,0,DEV_499,2025-01-10 05:35:00,2025-01-10,5,TXN_100092
554,CASH_OUT,166684.5,C1019517,169524.1,0.0,C2005100,65679.19,232363.69,1,0,DEV_959,2025-01-24 02:10:00,2025-01-24,2,TXN_100266
5,CASH_OUT,643100.83,C1004206,644873.94,0.0,M1013485,85024.57,728125.4,1,0,DEV_443,2025-01-01 05:31:00,2025-01-01,5,TXN_100588
82,CASH_OUT,522.3,C1026165,2184.7,1662.4,M1001060,30625.81,31148.11,0,0,DEV_726,2025-01-04 10:34:00,2025-01-04,10,TXN_100275
86,PAYMENT,603.78,C1014398,0.0,0.0,M1006128,33679.23,33679.23,0,0,DEV_886,2025-01-04 14:49:00,2025-01-04,14,TXN_100570
662,CASH_OUT,709983.45,C1004704,712030.46,0.0,M1002857,86059.59,796043.03,1,1,DEV_211,2025-01-28 14:01:00,2025-01-28,14,TXN_100432
452,PAYMENT,272.54,C1003818,0.0,0.0,C2001540,0.0,0.0,0,0,DEV_694,2025-01-19 20:00:00,2025-01-19,20,TXN_100100
424,PAYMENT,19.64,C1011854,170.07,150.43,M1013219,0.0,0.0,0,0,DEV_239,2025-01-18 16:44:00,2025-01-18,16,TXN_100145
90,CASH_OUT,1206.26,C1005119,0.0,0.0,M1013015,7583.83,8790.1,0,0,DEV_732,2025-01-04 18:42:00,2025-01-04,18,TXN_100087
217,TRANSFER,63103.15,C1005896,66274.0,0.0,M1003154,71809.04,134912.18,1,0,DEV_166,2025-01-10 01:57:00,2025-01-10,1,TXN_100075
134,PAYMENT,183.59,C1023254,1372.62,1189.02,C2010865,42320.86,42320.86,0,0,DEV_601,2025-01-06 14:42:00,2025-01-06,14,TXN_100005
158,PAYMENT,12.23,C1007137,0.0,0.0,C2014968,7250.57,7250.57,0,0,DEV_407,2025-01-07 14:39:00,2025-01-07,14,TXN_100376
496,PAYMENT,10.24,C1025836,0.0,0.0,C2000826,0.0,0.0,0,0,DEV_880,2025-01-21 16:58:00,2025-01-21,16,TXN_100011
184,TRANSFER,639.71,C1002418,4462.43,3822.72,C2011299,46767.34,47407.05,0,0,DEV_766,2025-01-08 16:54:00,2025-01-08,16,TXN_100246
590,TRANSFER,431.98,C1006206,3548.3,3116.32,M1010595,0.0,431.98,0,0,DEV_911,2025-01-25 14:01:00,2025-01-25,14,TXN_100368
443,TRANSFER,2983.13,C1006008,0.0,0.0,M1014483,16775.78,19758.91,0,0,DEV_936,2025-01-19 11:02:00,2025-01-19,11,TXN_100340
386,PAYMENT,19.5,C1024660,149.2,129.7,M1001722,49967.53,49967.53,0,0,DEV_518,2025-01-17 02:20:00,2025-01-17,2,TXN_100477
250,PAYMENT,12.05,C1003303,0.0,0.0,M1006191,14997.9,14997.9,0,0,DEV_273,2025-01-11 10:34:00,2025-01-11,10,TXN_100408
161,TRANSFER,83649.89,C1022378,86411.58,0.0,M1014155,9528.09,93177.99,1,0,DEV_824,2025-01-07 17:05:00,2025-01-07,17,TXN_100213
179,PAYMENT,126.39,C1007490,748.57,622.18,M1003631,0.0,0.0,0,0,DEV_535,2025-01-08 11:50:00,2025-01-08,11,TXN_100622
467,CASH_IN,305.42,C1016139,1888.0,2193.42,C2006987,0.0,305.42,0,0,DEV_162,2025-01-20 11:32:00,2025-01-20,11,TXN_100604
61,PAYMENT,21.59,C1004770,135.7,114.11,M1014766,35186.19,35186.19,0,0,DEV_303,2025-01-03 13:32:00,2025-01-03,13,TXN_100134
612,PAYMENT,30.0,C1027975,262.66,232.66,C2006636,24599.18,24599.18,0,0,DEV_146,2025-01-26 12:41:00,2025-01-26,12,TXN_100510
193,CASH_OUT,218684.71,C1007969,222443.48,0.0,M1000993,21504.52,240189.23,1,0,DEV_124,2025-01-09 01:57:00,2025-01-09,1,TXN_100546
2,CASH_OUT,3249.09,C1029122,8309.75,5060.65,M1012099,2212.07,5461.16,0,0,DEV_924,2025-01-01 02:40:00,2025-01-01,2,TXN_100543
490,TRANSFER,140.83,C1021526,907.11,766.28,M1001132,19514.71,19655.54,0,0,DEV_134,2025-01-21 10:08:00,2025-01-21,10,TXN_100532
266,PAYMENT,82.78,C1006946,0.0,0.0,M1005876,10308.66,10308.66,0,0,DEV_860,2025-01-12 02:23:00,2025-01-12,2,TXN_100080
318,CASH_OUT,3767.6,C1018498,0.0,0.0,M1009711,0.0,3767.6,0,0,DEV_639,2025-01-14 06:29:00,2025-01-14,6,TXN_100574
172,PAYMENT,662.97,C1009872,1145.59,482.62,M1013568,33165.01,33165.01,0,0,DEV_787,2025-01-08 04:02:00,2025-01-08,4,TXN_100068
210,CASH_OUT,1907.88,C1009080,0.0,0.0,M1009124,0.0,1907.88,0,0,DEV_991,2025-01-09 18:30:00,2025-01-09,18,TXN_100614
577,TRANSFER,2755.76,C1025414,11313.67,8557.91,M1008149,24674.53,27430.29,0,0,DEV_711,2025-01-25 01:48:00,2025-01-25,1,TXN_100445
335,CASH_OUT,750.32,C1002762,5485.6,4735.28,M1007586,0.0,750.32,0,0,DEV_824,2025-01-14 23:09:00,2025-01-14,23,TXN_100606
220,PAYMENT,153.55,C1000057,1462.95,1309.4,M1002249,0.0,0.0,0,0,DEV_944,2025-01-10 04:57:00,2025-01-10,4,TXN_100168
620,TRANSFER,1008.62,C1006870,7302.33,6293.71,M1007740,16318.98,17327.6,0,0,DEV_280,2025-01-26 20:17:00,2025-01-26,20,TXN_100177
458,CASH_OUT,281130.07,C1008003,285455.12,0.0,C2012445,63683.96,344814.02,1,1,DEV_869,2025-01-20 02:58:00,2025-01-20,2,TXN_100637
370,CASH_OUT,503.14,C1016638,3490.83,2987.69,C2000084,27063.55,27566.7,0,0,DEV_854,2025-01-16 10:24:00,2025-01-16,10,TXN_100035
638,TRANSFER,991.0,C1003736,2242.31,1251.31,C2014215,0.0,991.0,0,0,DEV_704,2025-01-27 14:57:00,2025-01-27,14,TXN_100280
408,PAYMENT,313.63,C1028096,1466.99,1153.36,C2006216,0.0,0.0,0,0,DEV_226,2025-01-18 00:15:00,2025-01-18,0,TXN_100191
15,CASH_OUT,802.65,C1016555,2694.74,1892.1,M1004595,0.0,802.65,0,0,DEV_178,2025-01-01 15:18:00,2025-01-01,15,TXN_100596
242,CASH_OUT,581.03,C1022095,4272.36,3691.32,C2013998,18886.38,19467.42,0,0,DEV_617,2025-01-11 02:45:00,2025-01-11,2,TXN_100444
292,CASH_OUT,3874.1,C1015533,0.0,0.0,C2000130,0.0,3874.1,0,0,DEV_478,2025-01-13 04:18:00,2025-01-13,4,TXN_100419
425,TRANSFER,723.03,C1010788,3203.45,2480.42,M1011505,19937.09,20660.12,0,0,DEV_472,2025-01-18 17:50:00,2025-01-18,17,TXN_100406
452,CASH_OUT,4919.06,C1028697,15506.5,10587.44,M1005981,17735.02,22654.08,0,0,DEV_151,2025-01-19 20:18:00,2025-01-19,20,TXN_100390
367,PAYMENT,125.1,C1006982,708.81,583.71,M1000756,22039.95,22039.95,0,0,DEV_907,2025-01-16 07:08:00,2025-01-16,7,TXN_100233
440,CASH_OUT,2527.69,C1007193,0.0,0.0,C2007998,19808.33,22336.01,0,0,DEV_973,2025-01-19 08:37:00,2025-01-19,8,TXN_100130
32,CASH_OUT,777075.99,C1012688,777987.94,0.0,M1004957,52260.12,829336.11,1,0,DEV_474,2025-01-02 08:14:00,2025-01-02,8,TXN_100078
372,TRANSFER,1822.56,C1028164,0.0,0.0,C2008878,10759.02,12581.58,0,0,DEV_964,2025-01-16 12:49:00,2025-01-16,12,TXN_100073
100,TRANSFER,633.02,C1019112,4132.32,3499.3,M1000760,42568.11,43201.13,0,0,DEV_805,2025-01-05 04:49:00,2025-01-05,4,TXN_100163
183,TRANSFER,54934.11,C1006391,58385.98,0.0,C2007890,32277.3,87211.41,1,0,DEV_749,2025-01-08 15:35:00,2025-01-08,15,TXN_100054
132,CASH_OUT,371728.84,C1001963,374096.49,0.0,C2005812,94548.03,466276.87,1,0,DEV_704,2025-01-06 12:44:00,2025-01-06,12,TXN_100102
337,CASH_OUT,3347.88,C1010622,16510.44,13162.56,M1014677,9349.17,12697.06,0,0,DEV_795,2025-01-15 01:50:00,2025-01-15,1,TXN_100454
707,PAYMENT,21.46,C1018264,189.26,167.81,M1002551,26085.3,26085.3,0,0,DEV_231,2025-01-30 11:20:00,2025-01-30,11,TXN_100388
558,CASH_OUT,720.86,C1010029,3554.3,2833.44,C2006939,17783.68,18504.54,0,0,DEV_825,2025-01-24 06:24:00,2025-01-24,6,TXN_100287
125,PAYMENT,394.91,C1004282,0.0,0.0,M1005196,7850.4,7850.4,0,0,DEV_989,2025-01-06 05:52:00,2025-01-06,5,TXN_100208
462,TRANSFER,387.69,C1014957,3009.38,2621.7,C2013260,17104.57,17492.25,0,0,DEV_647,2025-01-20 06:38:00,2025-01-20,6,TXN_100255
530,TRANSFER,2205.55,C1026017,10788.87,8583.32,C2009882,0.0,2205.55,0,0,DEV_964,2025-01-23 02:54:00,2025-01-23,2,TXN_100020
189,CASH_OUT,665.59,C1026712,0.0,0.0,M1012418,0.0,665.59,0,0,DEV_506,2025-01-08 21:12:00,2025-01-08,21,TXN_100628
571,CASH_OUT,582.45,C1021945,3994.68,3412.23,M1000037,44641.11,45223.56,0,0,DEV_274,2025-01-24 19:34:00,2025-01-24,19,TXN_100161
56,PAYMENT,115.22,C1027867,0.0,0.0,M1013456,14763.29,14763.29,0,0,DEV_513,2025-01-03 08:55:00,2025-01-03,8,TXN_100410
116,CASH_OUT,129560.55,C1027427,131111.63,0.0,C2007628,84189.34,213749.89,1,0,DEV_707,2025-01-05 20:37:00,2025-01-05,20,TXN_100644
650,CASH_OUT,6553.62,C1027173,23868.82,17315.2,M1012625,25258.62,31812.23,0,0,DEV_458,2025-01-28 02:56:00,2025-01-28,2,TXN_100553
38,TRANSFER,677.92,C1013458,0.0,0.0,C2006275,37680.97,38358.88,0,0,DEV_624,2025-01-02 14:19:00,2025-01-02,14,TXN_100125
219,CASH_OUT,780694.17,C1010642,784016.22,0.0,C2004314,26000.17,806694.35,1,0,DEV_256,2025-01-10 03:54:00,2025-01-10,3,TXN_100567
344,CASH_OUT,2402.52,C1014172,21300.39,18897.87,C2008729,0.0,2402.52,0,0,DEV_360,2025-01-15 08:36:00,2025-01-15,8,TXN_100067
683,CASH_OUT,8126.86,C1023835,79580.2,71453.33,M1010503,0.0,8126.86,0,0,DEV_173,2025-01-29 11:08:00,2025-01-29,11,TXN_100640
605,CASH_OUT,940847.62,C1026055,943273.08,0.0,C2013452,4445.42,945293.05,1,0,DEV_693,2025-01-26 05:51:00,2025-01-26,5,TXN_100245
148,PAYMENT,94.01,C1012646,400.32,306.31,M1008232,26571.41,26571.41,0,0,DEV_259,2025-01-07 04:43:00,2025-01-07,4,TXN_100516
196,DEBIT,311.95,C1023280,0.0,311.95,C2013819,0.0,0.0,0,0,DEV_549,2025-01-09 04:00:00,2025-01-09,4,TXN_100458
240,CASH_OUT,1644.72,C1018692,5489.5,3844.77,C2011596,20893.8,22538.52,0,0,DEV_231,2025-01-11 00:52:00,2025-01-11,0,TXN_100273
254,CASH_OUT,466065.08,C1001970,467531.17,0.0,C2003380,53673.56,519738.64,1,0,DEV_967,2025-01-11 14:29:00,2025-01-11,14,TXN_100072
255,PAYMENT,22.91,C1019759,130.84,107.93,M1002698,47450.79,47450.79,0,0,DEV_980,2025-01-11 15:29:00,2025-01-11,15,TXN_100320
618,PAYMENT,166.35,C1001387,464.24,297.89,M1007436,3829.65,3829.65,0,0,DEV_743,2025-01-26 18:07:00,2025-01-26,18,TXN_100523
146,CASH_OUT,2726.75,C1023445,14347.25,11620.49,C2012289,0.0,2726.75,0,0,DEV_780,2025-01-07 02:01:00,2025-01-07,2,TXN_100536
174,PAYMENT,258.54,C1004131,0.0,0.0,M1003224,26167.29,26167.29,0,0,DEV_295,2025-01-08 06:00:00,2025-01-08,6,TXN_100355
115,TRANSFER,555.58,C1004197,5366.61,4811.02,M1005039,0.0,555.58,0,0,DEV_941,2025-01-05 19:38:00,2025-01-05,19,TXN_100499
458,TRANSFER,836.14,C1024362,4209.16,3373.01,M1012634,46222.57,47058.72,0,0,DEV_587,2025-01-20 02:35:00,2025-01-20,2,TXN_100584
127,CASH_IN,341.35,C1019137,3167.98,3509.32,C2002022,42041.42,42382.77,0,0,DEV_129,2025-01-06 07:42:00,2025-01-06,7,TXN_100065
171,TRANSFER,1257.9,C1008639,10312.89,9054.99,M1013237,0.0,1257.9,0,0,DEV_202,2025-01-08 03:17:00,2025-01-08,3,TXN_100481
274,TRANSFER,422672.81,C1021533,425984.8,0.0,M1012871,14360.27,437033.07,1,0,DEV_304,2025-01-12 10:58:00,2025-01-12,10,TXN_100465
496,CASH_OUT,1617.78,C1012393,0.0,0.0,C2001647,0.0,1617.78,0,0,DEV_795,2025-01-21 16:37:00,2025-01-21,16,TXN_100272
400,PAYMENT,160.04,C1008236,1475.42,1315.38,M1003270,0.0,0.0,0,0,DEV_612,2025-01-17 16:13:00,2025-01-17,16,TXN_100003
335,PAYMENT,240.24,C1000486,0.0,0.0,M1006004,0.0,0.0,0,0,DEV_695,2025-01-14 23:16:00,2025-01-14,23,TXN_100636
30,TRANSFER,855.19,C1003401,7133.57,6278.38,C2004237,0.0,855.19,0,0,DEV_284,2025-01-02 06:36:00,2025-01-02,6,TXN_100189
149,CASH_OUT,2066.09,C1009412,0.0,0.0,C2009047,16116.02,18182.11,0,0,DEV_854,2025-01-07 05:20:00,2025-01-07,5,TXN_100476
685,TRANSFER,125.7,C1024172,365.01,239.31,M1003468,0.0,125.7,0,0,DEV_293,2025-01-29 13:23:00,2025-01-29,13,TXN_100047
275,TRANSFER,755969.97,C1019224,757309.02,0.0,M1007780,67003.63,822973.59,1,0,DEV_934,2025-01-12 11:17:00,2025-01-12,11,TXN_100023
500,CASH_OUT,100156.14,C1001226,104323.96,0.0,C2002613,79124.02,179280.17,1,1,DEV_725,2025-01-21 20:18:00,2025-01-21,20,TXN_100209
201,TRANSFER,10194.42,C1018458,58981.78,48787.36,M1001386,0.0,10194.42,0,0,DEV_140,2025-01-09 09:37:00,2025-01-09,9,TXN_100113
79,CASH_OUT,569.69,C1014684,0.0,0.0,M1003999,0.0,569.69,0,0,DEV_536,2025-01-04 07:45:00,2025-01-04,7,TXN_100276
682,PAYMENT,106.68,C1014000,824.7,718.02,M1004731,977.48,977.48,0,0,DEV_615,2025-01-29 10:41:00,2025-01-29,10,TXN_100365
379,CASH_OUT,488806.65,C1007991,491398.53,0.0,C2005065,34262.57,523069.22,1,0,DEV_574,2025-01-16 19:18:00,2025-01-16,19,TXN_100070
493,CASH_OUT,483219.24,C1017643,484474.39,0.0,C2013274,55027.53,538246.78,1,0,DEV_806,2025-01-21 13:07:00,2025-01-21,13,TXN_100221
348,PAYMENT,320.71,C1023574,508.46,187.75,M1003288,15247.41,15247.41,0,0,DEV_394,2025-01-15 12:29:00,2025-01-15,12,TXN_100612
656,CASH_OUT,996.22,C1003663,0.0,0.0,M1010758,10037.05,11033.27,0,0,DEV_653,2025-01-28 08:41:00,2025-01-28,8,TXN_100417
57,CASH_OUT,729085.25,C1010308,730061.52,0.0,M1002765,80063.53,809148.78,1,0,DEV_183,2025-01-03 09:55:00,2025-01-03,9,TXN_100019
83,TRANSFER,3878.93,C1007495,0.0,0.0,M1001525,14912.45,18791.38,0,0,DEV_850,2025-01-04 11:42:00,2025-01-04,11,TXN_100495
443,PAYMENT,12.99,C1000234,93.67,80.68,M1000964,0.0,0.0,0,0,DEV_153,2025-01-19 11:39:00,2025-01-19,11,TXN_100300
239,PAYMENT,137.55,C1027927,1340.57,1203.02,M1007137,1799.75,1799.75,0,0,DEV_529,2025-01-10 23:03:00,2025-01-10,23,TXN_100048
702,CASH_OUT,544.23,C1021834,3152.11,2607.88,M1013520,0.0,544.23,0,0,DEV_865,2025-01-30 06:41:00,2025-01-30,6,TXN_100315
7,TRANSFER,3012.16,C1012798,25456.67,22444.51,M1010403,5156.79,8168.95,0,0,DEV_591,2025-01-01 07:11:00,2025-01-01,7,TXN_100144
437,TRANSFER,363.46,C1023513,0.0,0.0,C2003985,31604.09,31967.55,0,0,DEV_901,2025-01-19 05:00:00,2025-01-19,5,TXN_100295
724,CASH_OUT,1415.41,C1020129,0.0,0.0,M1001922,0.0,1415.41,0,0,DEV_281,2025-01-31 04:15:00,2025-01-31,4,TXN_100620
308,CASH_OUT,2149.17,C1012887,15987.52,13838.35,M1011974,0.0,2149.17,0,0,DEV_801,2025-01-13 20:06:00,2025-01-13,20,TXN_100437
629,CASH_OUT,62368.66,C1008698,63012.42,0.0,M1013425,69585.82,131954.48,1,1,DEV_107,2025-01-27 05:43:00,2025-01-27,5,TXN_100103
560,DEBIT,392.47,C1014704,0.0,392.47,C2012664,27993.39,27993.39,0,0,DEV_950,2025-01-24 08:02:00,2025-01-24,8,TXN_100027
316,DEBIT,791.44,C1011886,1505.16,2296.6,C2010486,0.0,0.0,0,0,DEV_366,2025-01-14 04:49:00,2025-01-14,4,TXN_100548
83,CASH_OUT,86724.38,C1003620,86827.38,0.0,M1000115,54275.86,141000.24,1,1,DEV_120,2025-01-04 11:51:00,2025-01-04,11,TXN_100227
597,PAYMENT,24.63,C1013540,178.03,153.4,C2014074,24729.06,24729.06,0,0,DEV_216,2025-01-25 21:00:00,2025-01-25,21,TXN_100091
408,CASH_OUT,250321.91,C1014900,252030.08,0.0,C2012978,73628.72,323950.63,1,0,DEV_444,2025-01-18 00:04:00,2025-01-18,0,TXN_100166
287,PAYMENT,158.46,C1012601,0.0,0.0,C2002962,35782.68,35782.68,0,0,DEV_141,2025-01-12 23:32:00,2025-01-12,23,TXN_100563
638,DEBIT,559.92,C1001632,1059.91,1619.83,C2000473,0.0,0.0,0,0,DEV_459,2025-01-27 14:26:00,2025-01-27,14,TXN_100421
195,PAYMENT,456.1,C1001519,2432.31,1976.21,C2012940,28734.43,28734.43,0,0,DEV_956,2025-01-09 03:47:00,2025-01-09,3,TXN_100552
267,PAYMENT,20.3,C1017393,134.31,114.01,M1012973,49398.78,49398.78,0,0,DEV_506,2025-01-12 03:33:00,2025-01-12,3,TXN_100202
666,PAYMENT,448.88,C1021039,3067.4,2618.52,M1002998,0.0,0.0,0,0,DEV_346,2025-01-28 18:24:00,2025-01-28,18,TXN_100269
391,CASH_OUT,650.28,C1014538,3910.72,3260.44,C2003821,0.0,650.28,0,0,DEV_974,2025-01-17 07:48:00,2025-01-17,7,TXN_100617
89,PAYMENT,49.25,C1005102,85.28,36.03,C2012530,0.0,0.0,0,0,DEV_242,2025-01-04 17:11:00,2025-01-04,17,TXN_100083
602,TRANSFER,1695.06,C1020374,0.0,0.0,C2011284,0.0,1695.06,0,0,DEV_371,2025-01-26 02:57:00,2025-01-26,2,TXN_100375
371,CASH_OUT,3281.12,C1010089,0.0,0.0,M1008178,0.0,3281.12,0,0,DEV_309,2025-01-16 11:31:00,2025-01-16,11,TXN_100015
646,TRANSFER,94.37,C1010479,480.75,386.38,C2010478,16047.45,16141.82,0,0,DEV_541,2025-01-27 22:13:00,2025-01-27,22,TXN_100514
2,CASH_OUT,1649.82,C1008547,13642.38,11992.56,M1000209,0.0,1649.82,0,0,DEV_732,2025-01-01 02:18:00,2025-01-01,2,TXN_100442
588,CASH_OUT,552390.78,C1026625,555722.9,0.0,C2011460,1383.63,553774.41,1,0,DEV_669,2025-01-25 12:59:00,2025-01-25,12,TXN_100305
116,CASH_OUT,493.24,C1011814,0.0,0.0,C2005020,0.0,493.24,0,0,DEV_983,2025-01-05 20:32:00,2025-01-05,20,TXN_100318
579,CASH_OUT,457.78,C1004624,2977.4,2519.62,M1014629,0.0,457.78,0,0,DEV_752,2025-01-25 03:42:00,2025-01-25,3,TXN_100492
695,CASH_IN,478.4,C1029528,0.0,478.4,M1004542,0.0,478.4,0,0,DEV_481,2025-01-29 23:52:00,2025-01-29,23,TXN_100470
493,CASH_IN,247.85,C1007393,347.16,595.01,M1001071,23055.35,23303.2,0,0,DEV_174,2025-01-21 13:48:00,2025-01-21,13,TXN_100422
598,PAYMENT,466.28,C1016340,2484.53,2018.25,M1001923,0.0,0.0,0,0,DEV_655,2025-01-25 22:00:00,2025-01-25,22,TXN_100359
256,CASH_OUT,1881.87,C1004469,16109.68,14227.8,M1000524,0.0,1881.87,0,0,DEV_763,2025-01-11 16:39:00,2025-01-11,16,TXN_100377
18,PAYMENT,32.77,C1008304,162.84,130.07,C2014843,42640.58,42640.58,0,0,DEV_778,2025-01-01 18:47:00,2025-01-01,18,TXN_100457
126,PAYMENT,362.78,C1015475,375.47,12.69,M1006348,23091.24,23091.24,0,0,DEV_334,2025-01-06 06:42:00,2025-01-06,6,TXN_100569
400,PAYMENT,468.06,C1025412,0.0,0.0,C2008917,28926.53,28926.53,0,0,DEV_452,2025-01-17 16:55:00,2025-01-17,16,TXN_100462
110,CASH_OUT,1612.87,C1017338,6503.97,4891.1,M1007402,0.0,1612.87,0,0,DEV_273,2025-01-05 14:29:00,2025-01-05,14,TXN_100149
467,CASH_OUT,903.72,C1007816,6120.05,5216.33,C2009407,16076.77,16980.48,0,0,DEV_551,2025-01-20 11:09:00,2025-01-20,11,TXN_100262
738,PAYMENT,296.35,C1020289,2285.32,1988.97,M1009950,32098.65,32098.65,0,0,DEV_235,2025-01-31 18:45:00,2025-01-31,18,TXN_100186
569,TRANSFER,871.61,C1008830,3287.9,2416.29,C2012689,0.0,871.61,0,0,DEV_580,2025-01-24 17:13:00,2025-01-24,17,TXN_100171
8,CASH_OUT,937.75,C1014943,7031.14,6093.4,C2012502,17971.67,18909.42,0,0,DEV_100,2025-01-01 08:45:00,2025-01-01,8,TXN_100599
624,TRANSFER,585.63,C1009289,3209.4,2623.76,C2003768,44353.35,44938.98,0,0,DEV_279,2025-01-27 00:34:00,2025-01-27,0,TXN_100332
509,TRANSFER,160230.45,C1008470,160810.21,0.0,C2011827,19018.78,179249.23,1,0,DEV_285,2025-01-22 05:46:00,2025-01-22,5,TXN_100531
210,CASH_IN,312.04,C1016161,0.0,312.04,M1014705,0.0,312.04,0,0,DEV_437,2025-01-09 18:46:00,2025-01-09,18,TXN_100241
252,CASH_OUT,866143.67,C1023764,866228.36,0.0,M1011377,85300.9,951444.57,1,0,DEV_875,2025-01-11 12:36:00,2025-01-11,12,TXN_100334
156,TRANSFER,2765.36,C1001166,0.0,0.0,C2013387,23484.35,26249.7,0,0,DEV_564,2025-01-07 12:51:00,2025-01-07,12,TXN_100081
536,CASH_OUT,3972.76,C1022910,7045.25,3072.48,M1004221,44657.53,48630.29,0,0,DEV_218,2025-01-23 08:31:00,2025-01-23,8,TXN_100373
479,CASH_OUT,389765.21,C1023570,394278.47,0.0,C2006982,52967.71,442732.93,1,0,DEV_865,2025-01-20 23:18:00,2025-01-20,23,TXN_100598
502,CASH_IN,1403.57,C1013960,0.0,1403.57,M1000778,0.0,1403.57,0,0,DEV_911,2025-01-21 22:18:00,2025-01-21,22,TXN_100085
574,CASH_OUT,1626.37,C1012817,6423.4,4797.03,C2007147,14459.65,16086.02,0,0,DEV_361,2025-01-24 22:31:00,2025-01-24,22,TXN_100575
697,CASH_OUT,130.16,C1021298,0.0,0.0,C2004099,0.0,130.16,0,0,DEV_756,2025-01-30 01:45:00,2025-01-30,1,TXN_100216
659,TRANSFER,294.79,C1004489,566.06,271.26,C2014788,0.0,294.79,0,0,DEV_855,2025-01-28 11:21:00,2025-01-28,11,TXN_100611
1,PAYMENT,133.35,C1028373,914.51,781.17,C2014198,0.0,0.0,0,0,DEV_307,2025-01-01 01:38:00,2025-01-01,1,TXN_100404
339,CASH_OUT,2028.72,C1011768,5084.05,3055.32,C2006646,37043.31,39072.04,0,0,DEV_142,2025-01-15 03:18:00,2025-01-15,3,TXN_100282
528,PAYMENT,212.71,C1009286,1914.27,1701.57,M1004048,0.0,0.0,0,0,DEV_621,2025-01-23 00:53:00,2025-01-23,0,TXN_100157
26,PAYMENT,142.38,C1015156,1392.69,1250.32,C2013631,0.0,0.0,0,0,DEV_781,2025-01-02 02:57:00,2025-01-02,2,TXN_100493
570,TRANSFER,535572.95,C1009859,537597.39,0.0,C2001979,89753.19,625326.14,1,1,DEV_390,2025-01-24 18:11:00,2025-01-24,18,TXN_100036
580,TRANSFER,2302.28,C1018638,8840.41,6538.13,M1014403,0.0,2302.28,0,0,DEV_387,2025-01-25 04:19:00,2025-01-25,4,TXN_100389
229,CASH_OUT,539527.33,C1000225,542610.26,0.0,C2001733,89047.23,628574.57,1,0,DEV_765,2025-01-10 13:51:00,2025-01-10,13,TXN_100165
487,CASH_OUT,989.7,C1013884,1273.06,283.36,C2010025,0.0,989.7,0,0,DEV_630,2025-01-21 07:00:00,2025-01-21,7,TXN_100602
270,TRANSFER,812.35,C1003753,7855.25,7042.9,C2009803,14454.96,15267.31,0,0,DEV_759,2025-01-12 06:52:00,2025-01-12,6,TXN_100571
517,PAYMENT,179.78,C1021444,0.0,0.0,C2002012,0.0,0.0,0,0,DEV_523,2025-01-22 13:14:00,2025-01-22,13,TXN_100529
542,TRANSFER,755.25,C1029081,4037.12,3281.86,C2002597,0.0,755.25,0,0,DEV_375,2025-01-23 14:55:00,2025-01-23,14,TXN_100358
252,PAYMENT,128.17,C1009172,1020.67,892.51,C2011359,0.0,0.0,0,0,DEV_934,2025-01-11 12:42:00,2025-01-11,12,TXN_100311
57,CASH_OUT,419.48,C1002552,804.85,385.37,C2012596,33928.34,34347.82,0,0,DEV_389,2025-01-03 09:12:00,2025-01-03,9,TXN_100317
99,TRANSFER,952916.21,C1027429,953427.82,0.0,C2009562,13219.03,966135.24,1,0,DEV_389,2025-01-05 03:26:00,2025-01-05,3,TXN_100252
371,CASH_OUT,65402.82,C1012439,67056.23,0.0,M1013759,36472.5,101875.32,1,0,DEV_222,2025-01-16 11:03:00,2025-01-16,11,TXN_100564
64,CASH_OUT,620.89,C1021377,2085.89,1464.99,M1000701,0.0,620.89,0,0,DEV_876,2025-01-03 16:02:00,2025-01-03,16,TXN_100167
7,CASH_OUT,447.1,C1014136,0.0,0.0,C2006198,607.94,1055.04,0,0,DEV_128,2025-01-01 07:25:00,2025-01-01,7,TXN_100539
148,PAYMENT,567.49,C1009491,4645.66,4078.17,M1014834,7248.23,7248.23,0,0,DEV_370,2025-01-07 04:13:00,2025-01-07,4,TXN_100562
737,TRANSFER,37.89,C1006505,51.86,13.97,C2002237,0.0,37.89,0,0,DEV_874,2025-01-31 17:42:00,2025-01-31,17,TXN_100431
616,DEBIT,202.65,C1010394,385.46,588.11,M1006517,13462.4,13462.4,0,0,DEV_923,2025-01-26 16:39:00,2025-01-26,16,TXN_100566
272,PAYMENT,49.74,C1028172,390.54,340.8,C2006712,36567.19,36567.19,0,0,DEV_254,2025-01-12 08:53:00,2025-01-12,8,TXN_100506
407,CASH_OUT,1317.02,C1013845,10346.08,9029.06,M1003454,0.0,1317.02,0,0,DEV_650,2025-01-17 23:56:00,2025-01-17,23,TXN_100199
567,CASH_OUT,554.08,C1019816,0.0,0.0,M1000377,0.0,554.08,0,0,DEV_487,2025-01-24 15:17:00,2025-01-24,15,TXN_100336
687,PAYMENT,14.54,C1009253,0.0,0.0,M1000002,15536.81,15536.81,0,0,DEV_383,2025-01-29 15:39:00,2025-01-29,15,TXN_100486
296,CASH_OUT,32.13,C1027401,0.0,0.0,M1002745,0.0,32.13,0,0,DEV_125,2025-01-13 08:01:00,2025-01-13,8,TXN_100583
333,CASH_OUT,390.89,C1011149,1488.33,1097.44,M1009434,0.0,390.89,0,0,DEV_413,2025-01-14 21:38:00,2025-01-14,21,TXN_100267
384,CASH_OUT,180578.14,C1014649,185255.45,0.0,M1008739,44482.89,225061.03,1,0,DEV_575,2025-01-17 00:27:00,2025-01-17,0,TXN_100169
393,TRANSFER,125042.1,C1024291,126937.41,0.0,C2006177,67866.94,192909.04,1,0,DEV_149,2025-01-17 09:05:00,2025-01-17,9,TXN_100645
717,TRANSFER,72.01,C1010030,405.24,333.23,C2010994,0.0,72.01,0,0,DEV_662,2025-01-30 21:18:00,2025-01-30,21,TXN_100513
151,CASH_OUT,553.67,C1029560,1715.16,1161.48,M1007866,18745.46,19299.14,0,0,DEV_664,2025-01-07 07:33:00,2025-01-07,7,TXN_100350
642,PAYMENT,155.25,C1018315,1227.27,1072.03,M1009849,47700.18,47700.18,0,0,DEV_605,2025-01-27 18:18:00,2025-01-27,18,TXN_100222
741,CASH_OUT,89.29,C1023320,581.64,492.35,M1011277,0.0,89.29,0,0,DEV_612,2025-01-31 21:32:00,2025-01-31,21,TXN_100356
125,CASH_IN,79.46,C1001744,0.0,79.46,C2008067,0.0,79.46,0,0,DEV_884,2025-01-06 05:41:00,2025-01-06,5,TXN_100174
35,CASH_OUT,381.15,C1019374,3541.28,3160.13,C2007374,43746.76,44127.91,0,0,DEV_401,2025-01-02 11:25:00,2025-01-02,11,TXN_100466
58,CASH_OUT,235.03,C1026697,1083.8,848.77,M1013292,0.0,235.03,0,0,DEV_664,2025-01-03 10:28:00,2025-01-03,10,TXN_100456
512,CASH_OUT,1512.72,C1013634,0.0,0.0,C2007586,0.0,1512.72,0,0,DEV_759,2025-01-22 08:33:00,2025-01-22,8,TXN_100278
316,CASH_OUT,559.85,C1013834,3874.21,3314.36,M1008023,11787.89,12347.74,0,0,DEV_841,2025-01-14 04:07:00,2025-01-14,4,TXN_100610
404,PAYMENT,134.87,C1004437,321.0,186.12,M1003221,1496.78,1496.78,0,0,DEV_334,2025-01-17 20:57:00,2025-01-17,20,TXN_100534
570,CASH_OUT,191.51,C1021174,1484.58,1293.06,M1003859,10571.16,10762.67,0,0,DEV_319,2025-01-24 18:50:00,2025-01-24,18,TXN_100039
558,CASH_OUT,1066.26,C1005732,6278.81,5212.54,M1009521,0.0,1066.26,0,0,DEV_163,2025-01-24 06:15:00,2025-01-24,6,TXN_100077
568,PAYMENT,185.86,C1021375,1045.36,859.49,M1001527,20931.5,20931.5,0,0,DEV_511,2025-01-24 16:21:00,2025-01-24,16,TXN_100195
306,PAYMENT,231.35,C1027453,0.0,0.0,M1002073,14620.47,14620.47,0,0,DEV_177,2025-01-13 18:46:00,2025-01-13,18,TXN_100187
340,CASH_OUT,1205.91,C1014428,5224.74,4018.83,C2012481,0.0,1205.91,0,0,DEV_453,2025-01-15 04:14:00,2025-01-15,4,TXN_100498
526,CASH_OUT,331654.07,C1023560,333645.06,0.0,M1009436,74081.18,405735.25,1,0,DEV_399,2025-01-22 22:35:00,2025-01-22,22,TXN_100635
559,PAYMENT,286.71,C1028949,0.0,0.0,M1002766,35577.98,35577.98,0,0,DEV_195,2025-01-24 07:19:00,2025-01-24,7,TXN_100274
531,CASH_OUT,336774.26,C1010140,339622.71,0.0,C2005587,80784.31,417558.57,1,0,DEV_735,2025-01-23 03:10:00,2025-01-23,3,TXN_100474
656,PAYMENT,717.81,C1018950,0.0,0.0,M1003222,17207.11,17207.11,0,0,DEV_637,2025-01-28 08:59:00,2025-01-28,8,TXN_100631
255,CASH_OUT,476.16,C1007108,0.0,0.0,M1004478,0.0,476.16,0,0,DEV_346,2025-01-11 15:14:00,2025-01-11,15,TXN_100625
247,PAYMENT,75.27,C1028142,637.07,561.8,C2005943,722.41,722.41,0,0,DEV_459,2025-01-11 07:45:00,2025-01-11,7,TXN_100385
496,PAYMENT,45.62,C1021875,0.0,0.0,M1004516,0.0,0.0,0,0,DEV_321,2025-01-21 16:00:00,2025-01-21,16,TXN_100550
261,CASH_OUT,425875.76,C1000396,426800.89,0.0,C2014155,64493.57,490369.33,1,0,DEV_277,2025-01-11 21:41:00,2025-01-11,21,TXN_100480
528,TRANSFER,27.86,C1021269,0.0,0.0,C2003891,0.0,27.86,0,0,DEV_561,2025-01-23 00:13:00,2025-01-23,0,TXN_100397
473,CASH_OUT,4951.69,C1017985,0.0,0.0,M1007968,26980.75,31932.43,0,0,DEV_531,2025-01-20 17:47:00,2025-01-20,17,TXN_100463
199,CASH_OUT,2642.28,C1022598,10037.25,7394.97,M1013717,15833.58,18475.85,0,0,DEV_752,2025-01-09 07:02:00,2025-01-09,7,TXN_100076
57,CASH_OUT,5603.19,C1005097,0.0,0.0,C2013552,0.0,5603.19,0,0,DEV_952,2025-01-03 09:21:00,2025-01-03,9,TXN_100471
36,TRANSFER,2744.96,C1003746,0.0,0.0,C2005084,5102.44,7847.39,0,0,DEV_165,2025-01-02 12:51:00,2025-01-02,12,TXN_100017
602,CASH_OUT,1813.8,C1027365,0.0,0.0,C2000098,0.0,1813.8,0,0,DEV_839,2025-01-26 02:26:00,2025-01-26,2,TXN_100158
118,CASH_OUT,531007.77,C1009589,533937.73,0.0,M1004868,98332.18,629339.95,1,0,DEV_430,2025-01-05 22:30:00,2025-01-05,22,TXN_100623
462,PAYMENT,116.3,C1013872,767.83,651.52,M1001890,8839.71,8839.71,0,0,DEV_245,2025-01-20 06:32:00,2025-01-20,6,TXN_100556
66,TRANSFER,1779.01,C1013233,0.0,0.0,M1008709,0.0,1779.01,0,0,DEV_890,2025-01-03 18:13:00,2025-01-03,18,TXN_100000
340,PAYMENT,55.81,C1009904,0.0,0.0,M1008689,36569.42,36569.42,0,0,DEV_767,2025-01-15 04:38:00,2025-01-15,4,TXN_100430
507,CASH_OUT,509.26,C1011721,0.0,0.0,M1007981,24263.69,24772.95,0,0,DEV_844,2025-01-22 03:02:00,2025-01-22,3,TXN_100265
514,PAYMENT,36.02,C1022200,46.17,10.15,C2012869,19382.38,19382.38,0,0,DEV_552,2025-01-22 10:09:00,2025-01-22,10,TXN_100424
419,CASH_OUT,1344.52,C1019237,9987.25,8642.73,M1008316,19875.65,21220.17,0,0,DEV_586,2025-01-18 11:55:00,2025-01-18,11,TXN_100394
15,TRANSFER,1828.28,C1028061,0.0,0.0,C2006343,24745.88,26574.16,0,0,DEV_226,2025-01-01 15:18:00,2025-01-01,15,TXN_100521
349,TRANSFER,5833.14,C1007301,47263.29,41430.16,C2007157,0.0,5833.14,0,0,DEV_182,2025-01-15 13:39:00,2025-01-15,13,TXN_100568
265,PAYMENT,469.62,C1020071,4091.62,3622.0,M1014474,32547.68,32547.68,0,0,DEV_807,2025-01-12 01:32:00,2025-01-12,1,TXN_100279
287,CASH_OUT,328.75,C1000212,1795.16,1466.4,M1011679,0.0,328.75,0,0,DEV_878,2025-01-12 23:33:00,2025-01-12,23,TXN_100325
570,TRANSFER,138.83,C1002155,760.87,622.05,C2014345,10219.45,10358.28,0,0,DEV_146,2025-01-24 18:24:00,2025-01-24,18,TXN_100108
361,CASH_OUT,523.59,C1005044,3695.34,3171.75,C2005808,47089.13,47612.72,0,0,DEV_635,2025-01-16 01:58:00,2025-01-16,1,TXN_100115
651,CASH_OUT,51436.81,C1021690,54027.34,0.0,M1002590,30347.03,81783.84,1,0,DEV_438,2025-01-28 03:47:00,2025-01-28,3,TXN_100642
210,PAYMENT,114.88,C1005278,177.49,62.61,M1005199,31279.49,31279.49,0,0,DEV_706,2025-01-09 18:58:00,2025-01-09,18,TXN_100127
479,TRANSFER,1089.16,C1004689,0.0,0.0,C2006441,33357.81,34446.98,0,0,DEV_502,2025-01-20 23:47:00,2025-01-20,23,TXN_100260
60,PAYMENT,180.66,C1029908,1342.56,1161.9,C2010415,0.0,0.0,0,0,DEV_331,2025-01-03 12:02:00,2025-01-03,12,TXN_100327
51,CASH_OUT,847.32,C1002491,6908.14,6060.82,C2014140,24692.26,25539.58,0,0,DEV_121,2025-01-03 03:47:00,2025-01-03,3,TXN_100228
619,PAYMENT,71.32,C1010317,685.57,614.25,M1014354,24961.58,24961.58,0,0,DEV_248,2025-01-26 19:51:00,2025-01-26,19,TXN_100253
194,CASH_OUT,726428.39,C1023263,729614.39,0.0,M1004471,65082.58,791510.97,1,0,DEV_450,2025-01-09 02:44:00,2025-01-09,2,TXN_100235
139,CASH_OUT,12277.95,C1006748,58279.78,46001.83,M1012811,0.0,12277.95,0,0,DEV_547,2025-01-06 19:22:00,2025-01-06,19,TXN_100061
535,CASH_OUT,765824.39,C1017913,768525.34,0.0,M1005514,58934.04,824758.44,1,0,DEV_440,2025-01-23 07:45:00,2025-01-23,7,TXN_100649
5,CASH_OUT,969.8,C1009537,3518.41,2548.62,M1014746,19213.26,20183.05,0,0,DEV_206,2025-01-01 05:13:00,2025-01-01,5,TXN_100400
669,CASH_OUT,846.29,C1019971,2313.57,1467.27,C2014549,9708.59,10554.89,0,0,DEV_742,2025-01-28 21:26:00,2025-01-28,21,TXN_100046
234,CASH_IN,16.39,C1018043,40.62,57.01,M1002794,18896.55,18912.95,0,0,DEV_707,2025-01-10 18:40:00,2025-01-10,18,TXN_100555
479,CASH_OUT,91.25,C1021481,768.85,677.6,C2010325,0.0,91.25,0,0,DEV_371,2025-01-20 23:53:00,2025-01-20,23,TXN_100352
540,PAYMENT,219.89,C1028730,0.0,0.0,M1008203,0.0,0.0,0,0,DEV_227,2025-01-23 12:51:00,2025-01-23,12,TXN_100627
557,TRANSFER,5122.31,C1009159,11619.09,6496.78,M1013275,49949.4,55071.71,0,0,DEV_980,2025-01-24 05:44:00,2025-01-24,5,TXN_100323
636,CASH_OUT,792321.97,C1029109,793504.35,0.0,M1005747,51880.27,844202.23,1,0,DEV_294,2025-01-27 12:05:00,2025-01-27,12,TXN_100508
20,PAYMENT,96.45,C1012089,771.23,674.78,M1010358,49131.71,49131.71,0,0,DEV_596,2025-01-01 20:47:00,2025-01-01,20,TXN_100485
433,CASH_OUT,2490.32,C1020581,0.0,0.0,M1002270,16559.34,19049.65,0,0,DEV_206,2025-01-19 01:36:00,2025-01-19,1,TXN_100576
43,PAYMENT,33.37,C1005090,0.0,0.0,M1014553,25563.43,25563.43,0,0,DEV_642,2025-01-02 19:08:00,2025-01-02,19,TXN_100433
458,CASH_OUT,900.14,C1009877,7099.53,6199.39,M1002824,7779.76,8679.91,0,0,DEV_881,2025-01-20 02:06:00,2025-01-20,2,TXN_100006
118,TRANSFER,90.44,C1005227,334.53,244.09,M1000500,39165.67,39256.11,0,0,DEV_911,2025-01-05 22:43:00,2025-01-05,22,TXN_100055
459,CASH_OUT,536656.35,C1012061,536822.88,0.0,M1004024,45036.08,581692.43,1,0,DEV_274,2025-01-20 03:07:00,2025-01-20,3,TXN_100230
87,CASH_OUT,76.46,C1028190,210.49,134.03,C2001862,0.0,76.46,0,0,DEV_453,2025-01-04 15:37:00,2025-01-04,15,TXN_100299
309,CASH_OUT,1603.69,C1016971,3298.43,1694.74,M1007574,0.0,1603.69,0,0,DEV_914,2025-01-13 21:40:00,2025-01-13,21,TXN_100206
72,CASH_OUT,383713.24,C1005341,385486.97,0.0,M1011622,93393.9,477107.15,1,0,DEV_402,2025-01-04 00:35:00,2025-01-04,0,TXN_100565
305,CASH_IN,661.18,C1019473,3560.44,4221.61,C2003368,0.0,661.18,0,0,DEV_754,2025-01-13 17:48:00,2025-01-13,17,TXN_100226
311,PAYMENT,393.44,C1007250,0.0,0.0,M1013668,16635.22,16635.22,0,0,DEV_587,2025-01-13 23:52:00,2025-01-13,23,TXN_100475
300,TRANSFER,732.03,C1021087,0.0,0.0,C2008468,47761.04,48493.06,0,0,DEV_464,2025-01-13 12:50:00,2025-01-13,12,TXN_100205
623,PAYMENT,22.22,C1026874,129.88,107.66,C2000885,20460.23,20460.23,0,0,DEV_849,2025-01-26 23:36:00,2025-01-26,23,TXN_100084
130,TRANSFER,98.72,C1002927,646.34,547.62,C2012351,0.0,98.72,0,0,DEV_466,2025-01-06 10:44:00,2025-01-06,10,TXN_100175
126,TRANSFER,1345.04,C1027162,5895.23,4550.19,M1006656,0.0,1345.04,0,0,DEV_115,2025-01-06 06:03:00,2025-01-06,6,TXN_100633
492,PAYMENT,244.33,C1000871,1648.06,1403.73,M1005590,0.0,0.0,0,0,DEV_909,2025-01-21 12:17:00,2025-01-21,12,TXN_100589
75,CASH_OUT,1014.93,C1024782,2215.79,1200.87,M1011022,199.38,1214.31,0,0,DEV_628,2025-01-04 03:58:00,2025-01-04,3,TXN_100473
238,PAYMENT,214.98,C1019850,0.0,0.0,C2009288,16991.32,16991.32,0,0,DEV_214,2025-01-10 22:49:00,2025-01-10,22,TXN_100114
364,CASH_OUT,511.83,C1021769,3357.06,2845.24,M1006741,0.0,511.83,0,0,DEV_966,2025-01-16 04:05:00,2025-01-16,4,TXN_100438
734,PAYMENT,139.28,C1014160,1182.62,1043.35,C2009078,25900.86,25900.86,0,0,DEV_558,2025-01-31 14:57:00,2025-01-31,14,TXN_100293
249,PAYMENT,10.5,C1000233,80.38,69.88,M1013106,0.0,0.0,0,0,DEV_428,2025-01-11 09:35:00,2025-01-11,9,TXN_100418
140,TRANSFER,40.13,C1025153,0.0,0.0,M1005357,0.0,40.13,0,0,DEV_522,2025-01-06 20:24:00,2025-01-06,20,TXN_100580
126,CASH_OUT,1272.34,C1009536,0.0,0.0,C2003980,0.0,1272.34,0,0,DEV_528,2025-01-06 06:04:00,2025-01-06,6,TXN_100357
295,TRANSFER,205.41,C1006467,0.0,0.0,C2009190,0.0,205.41,0,0,DEV_644,2025-01-13 07:08:00,2025-01-13,7,TXN_100201
418,PAYMENT,622.85,C1002518,4269.71,3646.85,M1001555,19623.99,19623.99,0,0,DEV_315,2025-01-18 10:41:00,2025-01-18,10,TXN_100455
428,CASH_IN,267.12,C1015162,371.78,638.9,C2008916,33826.29,34093.42,0,0,DEV_362,2025-01-18 20:42:00,2025-01-18,20,TXN_100263
374,CASH_OUT,36.45,C1007231,0.0,0.0,M1005275,0.0,36.45,0,0,DEV_382,2025-01-16 14:51:00,2025-01-16,14,TXN_100530
272,DEBIT,62.65,C1006153,502.28,564.93,M1014869,37131.75,37131.75,0,0,DEV_371,2025-01-12 08:23:00,2025-01-12,8,TXN_100093
203,TRANSFER,210.04,C1021344,475.47,265.42,C2005048,27160.54,27370.59,0,0,DEV_285,2025-01-09 11:16:00,2025-01-09,11,TXN_100098
230,PAYMENT,197.11,C1015274,0.0,0.0,M1011921,45807.49,45807.49,0,0,DEV_547,2025-01-10 14:16:00,2025-01-10,14,TXN_100025
638,CASH_OUT,2363.74,C1013860,15726.18,13362.44,C2009058,11723.52,14087.25,0,0,DEV_738,2025-01-27 14:08:00,2025-01-27,14,TXN_100423
89,CASH_OUT,2197.46,C1013884,18835.32,16637.85,M1009852,20760.88,22958.34,0,0,DEV_736,2025-01-04 17:30:00,2025-01-04,17,TXN_100016
552,CASH_OUT,548957.67,C1004444,550649.17,0.0,M1004234,12193.31,561150.99,1,0,DEV_990,2025-01-24 00:55:00,2025-01-24,0,TXN_100585
72,CASH_OUT,778798.32,C1027115,782572.18,0.0,C2013413,2642.61,781440.92,1,0,DEV_679,2025-01-04 00:09:00,2025-01-04,0,TXN_100603
21,TRANSFER,200.94,C1025990,0.0,0.0,C2010509,27330.26,27531.2,0,0,DEV_903,2025-01-01 21:40:00,2025-01-01,21,TXN_100176
626,CASH_IN,157.08,C1022444,0.0,157.08,C2007753,22287.85,22444.93,0,0,DEV_546,2025-01-27 02:07:00,2025-01-27,2,TXN_100022
155,TRANSFER,149.99,C1004029,0.0,0.0,C2014002,0.0,149.99,0,0,DEV_184,2025-01-07 11:33:00,2025-01-07,11,TXN_100180
69,PAYMENT,290.91,C1002120,0.0,0.0,M1003158,0.0,0.0,0,0,DEV_620,2025-01-03 21:06:00,2025-01-03,21,TXN_100143
719,CASH_OUT,1661.11,C1003352,6950.93,5289.82,C2000261,26184.43,27845.55,0,0,DEV_763,2025-01-30 23:07:00,2025-01-30,23,TXN_100366
658,CASH_OUT,2834.52,C1020723,7308.71,4474.19,C2005211,0.0,2834.52,0,0,DEV_514,2025-01-28 10:04:00,2025-01-28,10,TXN_100301
129,TRANSFER,449.85,C1013282,1414.36,964.52,C2001204,0.0,449.85,0,0,DEV_698,2025-01-06 09:55:00,2025-01-06,9,TXN_100009
590,PAYMENT,258.71,C1027056,0.0,0.0,M1007558,33666.9,33666.9,0,0,DEV_231,2025-01-25 14:22:00,2025-01-25,14,TXN_100014
179,CASH_OUT,1020.54,C1000504,4406.16,3385.61,C2009734,0.0,1020.54,0,0,DEV_402,2025-01-08 11:17:00,2025-01-08,11,TXN_100123
102,TRANSFER,1489.48,C1002943,0.0,0.0,M1004255,30038.8,31528.29,0,0,DEV_451,2025-01-05 06:39:00,2025-01-05,6,TXN_100372
593,CASH_OUT,267.28,C1020410,2134.54,1867.26,M1003552,26886.16,27153.44,0,0,DEV_601,2025-01-25 17:40:00,2025-01-25,17,TXN_100573
88,TRANSFER,1981.79,C1025197,3255.68,1273.89,M1000023,0.0,1981.79,0,0,DEV_493,2025-01-04 16:37:00,2025-01-04,16,TXN_100313
210,PAYMENT,193.84,C1008574,659.07,465.24,M1008121,0.0,0.0,0,0,DEV_610,2025-01-09 18:47:00,2025-01-09,18,TXN_100595
321,TRANSFER,756582.61,C1010088,756956.25,0.0,C2009906,33591.67,790174.28,1,1,DEV_992,2025-01-14 09:06:00,2025-01-14,9,TXN_100402
436,CASH_IN,904.89,C1009447,0.0,904.89,C2008687,25260.61,26165.49,0,0,DEV_875,2025-01-19 04:13:00,2025-01-19,4,TXN_100618
115,PAYMENT,112.11,C1012393,562.2,450.09,M1003616,48568.26,48568.26,0,0,DEV_258,2025-01-05 19:24:00,2025-01-05,19,TXN_100324
129,TRANSFER,143.17,C1004444,784.61,641.44,C2009108,37005.21,37148.37,0,0,DEV_702,2025-01-06 09:29:00,2025-01-06,9,TXN_100082
230,TRANSFER,467405.43,C1028569,468642.49,0.0,M1011458,56204.87,523610.3,1,0,DEV_236,2025-01-10 14:26:00,2025-01-10,14,TXN_100164
724,CASH_OUT,2582.72,C1014879,8634.64,6051.92,M1000944,0.0,2582.72,0,0,DEV_280,2025-01-31 04:38:00,2025-01-31,4,TXN_100380
415,CASH_OUT,3766.34,C1010699,33555.25,29788.9,M1013493,0.0,3766.34,0,0,DEV_485,2025-01-18 07:35:00,2025-01-18,7,TXN_100634
219,CASH_OUT,5554.0,C1009948,21480.16,15926.17,C2003952,0.0,5554.0,0,0,DEV_360,2025-01-10 03:33:00,2025-01-10,3,TXN_100558
19,CASH_OUT,425.25,C1026958,1187.0,761.75,M1011122,1508.6,1933.86,0,0,DEV_981,2025-01-01 19:41:00,2025-01-01,19,TXN_100594
711,CASH_OUT,252973.01,C1004432,254816.36,0.0,M1014073,27719.49,280692.5,1,0,DEV_720,2025-01-30 15:43:00,2025-01-30,15,TXN_100467
376,TRANSFER,1783.85,C1026271,8005.55,6221.69,C2003160,44073.32,45857.17,0,0,DEV_310,2025-01-16 16:42:00,2025-01-16,16,TXN_100411
304,PAYMENT,254.06,C1027097,0.0,0.0,C2000999,0.0,0.0,0,0,DEV_590,2025-01-13 16:12:00,2025-01-13,16,TXN_100425
690,PAYMENT,81.6,C1007833,661.53,579.93,C2008688,0.0,0.0,0,0,DEV_324,2025-01-29 18:26:00,2025-01-29,18,TXN_100310
630,CASH_OUT,480.44,C1006294,886.9,406.45,M1009362,27926.76,28407.2,0,0,DEV_953,2025-01-27 06:19:00,2025-01-27,6,TXN_100597
723,TRANSFER,3926.78,C1024537,25317.89,21391.1,M1011861,0.0,3926.78,0,0,DEV_354,2025-01-31 03:27:00,2025-01-31,3,TXN_100412
626,CASH_OUT,54.63,C1005642,102.75,48.12,C2014027,37054.05,37108.69,0,0,DEV_844,2025-01-27 02:19:00,2025-01-27,2,TXN_100190
176,CASH_OUT,1917.71,C1028550,0.0,0.0,C2003143,0.0,1917.71,0,0,DEV_416,2025-01-08 08:30:00,2025-01-08,8,TXN_100426
709,PAYMENT,232.56,C1015808,0.0,0.0,M1006167,15901.96,15901.96,0,0,DEV_775,2025-01-30 13:01:00,2025-01-30,13,TXN_100050
337,CASH_OUT,535740.84,C1007272,538218.79,0.0,C2012461,89425.9,625166.73,1,1,DEV_978,2025-01-15 01:01:00,2025-01-15,1,TXN_100021
412,CASH_OUT,1998.86,C1003347,8021.42,6022.57,M1009726,9374.68,11373.54,0,0,DEV_815,2025-01-18 04:48:00,2025-01-18,4,TXN_100339
575,TRANSFER,846218.24,C1029905,847279.32,0.0,M1011919,77408.35,923626.59,1,0,DEV_142,2025-01-24 23:27:00,2025-01-24,23,TXN_100483
355,CASH_OUT,4043.85,C1010320,15602.97,11559.11,M1002966,0.0,4043.85,0,0,DEV_690,2025-01-15 19:39:00,2025-01-15,19,TXN_100128
686,TRANSFER,497.05,C1008420,3741.67,3244.62,C2002980,26117.75,26614.81,0,0,DEV_371,2025-01-29 14:28:00,2025-01-29,14,TXN_100547
414,TRANSFER,294225.69,C1010569,294410.03,0.0,C2012188,15844.94,310070.63,1,0,DEV_176,2025-01-18 06:11:00,2025-01-18,6,TXN_100219
544,TRANSFER,154514.09,C1027574,154524.25,0.0,M1008634,2122.06,156636.15,1,0,DEV_285,2025-01-23 16:05:00,2025-01-23,16,TXN_100150
46,PAYMENT,191.41,C1009154,1026.16,834.75,C2001433,5590.05,5590.05,0,0,DEV_791,2025-01-02 22:53:00,2025-01-02,22,TXN_100096
283,TRANSFER,2381.84,C1014123,13870.68,11488.84,C2006167,12871.39,15253.24,0,0,DEV_143,2025-01-12 19:39:00,2025-01-12,19,TXN_100121
445,TRANSFER,378113.31,C1005930,379725.87,0.0,M1012682,22607.8,400721.11,1,0,DEV_544,2025-01-19 13:01:00,2025-01-19,13,TXN_100107
5,CASH_OUT,2466.66,C1006597,15848.55,13381.89,C2003544,0.0,2466.66,0,0,DEV_974,2025-01-01 05:04:00,2025-01-01,5,TXN_100001
121,TRANSFER,1667.92,C1006775,12160.31,10492.39,M1004788,0.0,1667.92,0,0,DEV_846,2025-01-06 01:46:00,2025-01-06,1,TXN_100450
437,PAYMENT,366.35,C1003323,2930.64,2564.29,M1005664,12790.42,12790.42,0,0,DEV_894,2025-01-19 05:31:00,2025-01-19,5,TXN_100502
507,TRANSFER,248.7,C1017785,0.0,0.0,C2000974,0.0,248.7,0,0,DEV_380,2025-01-22 03:13:00,2025-01-22,3,TXN_100544
267,TRANSFER,588.27,C1029725,4454.21,3865.94,M1011258,0.0,588.27,0,0,DEV_512,2025-01-12 03:29:00,2025-01-12,3,TXN_100577
419,CASH_OUT,1268.09,C1018135,2664.55,1396.46,C2008822,41766.16,43034.26,0,0,DEV_654,2025-01-18 11:39:00,2025-01-18,11,TXN_100160
94,CASH_IN,169.2,C1009234,614.22,783.42,M1005595,0.0,169.2,0,0,DEV_406,2025-01-04 22:18:00,2025-01-04,22,TXN_100049
159,CASH_OUT,1832.36,C1001207,0.0,0.0,C2007023,1189.01,3021.37,0,0,DEV_601,2025-01-07 15:14:00,2025-01-07,15,TXN_100132
351,PAYMENT,194.62,C1006106,729.48,534.86,M1003866,3221.48,3221.48,0,0,DEV_441,2025-01-15 15:18:00,2025-01-15,15,TXN_100251
681,CASH_OUT,669729.53,C1024615,673845.31,0.0,M1004750,64218.41,733947.94,1,1,DEV_782,2025-01-29 09:48:00,2025-01-29,9,TXN_100277
122,CASH_OUT,4568.39,C1013804,0.0,0.0,C2001473,36190.14,40758.53,0,0,DEV_285,2025-01-06 02:48:00,2025-01-06,2,TXN_100204
553,CASH_OUT,794149.17,C1029512,794345.52,0.0,C2009172,65126.19,859275.36,1,1,DEV_124,2025-01-24 01:43:00,2025-01-24,1,TXN_100646
699,PAYMENT,131.26,C1018524,255.75,124.49,M1010737,6018.44,6018.44,0,0,DEV_181,2025-01-30 03:00:00,2025-01-30,3,TXN_100192
244,PAYMENT,127.45,C1027618,728.71,601.26,C2006029,33276.73,33276.73,0,0,DEV_339,2025-01-11 04:13:00,2025-01-11,4,TXN_100207
72,CASH_OUT,607420.0,C1007513,609278.67,0.0,C2012407,85187.77,692607.77,1,0,DEV_180,2025-01-04 00:36:00,2025-01-04,0,TXN_100291
429,CASH_OUT,284626.6,C1017514,289002.16,0.0,M1007057,69792.52,354419.11,1,0,DEV_400,2025-01-18 21:08:00,2025-01-18,21,TXN_100060
7,PAYMENT,47.62,C1018512,420.74,373.13,M1007531,0.0,0.0,0,0,DEV_847,2025-01-01 07:02:00,2025-01-01,7,TXN_100106
449,CASH_OUT,790919.61,C1007591,795006.54,0.0,M1010156,71479.0,862398.62,1,0,DEV_803,2025-01-19 17:53:00,2025-01-19,17,TXN_100179
294,CASH_IN,33.95,C1018740,228.06,262.01,C2011389,0.0,33.95,0,0,DEV_657,2025-01-13 06:12:00,2025-01-13,6,TXN_100451
724,CASH_IN,41.02,C1018051,383.9,424.93,C2005166,19473.99,19515.01,0,0,DEV_474,2025-01-31 04:29:00,2025-01-31,4,TXN_100383
251,TRANSFER,2400.5,C1011226,17815.43,15414.93,M1000850,0.0,2400.5,0,0,DEV_490,2025-01-11 11:52:00,2025-01-11,11,TXN_100097
390,TRANSFER,449.91,C1026977,4053.85,3603.94,M1010363,28103.03,28552.94,0,0,DEV_804,2025-01-17 06:56:00,2025-01-17,6,TXN_100133
614,TRANSFER,232994.98,C1020341,233257.88,0.0,M1010856,79876.02,312871.0,1,1,DEV_712,2025-01-26 14:22:00,2025-01-26,14,TXN_100232
640,TRANSFER,1608.3,C1013548,10201.89,8593.59,C2008563,0.0,1608.3,0,0,DEV_549,2025-01-27 16:05:00,2025-01-27,16,TXN_100215
166,CASH_OUT,763.36,C1025371,4151.13,3387.77,M1006890,31769.92,32533.28,0,0,DEV_254,2025-01-07 22:27:00,2025-01-07,22,TXN_100148
423,PAYMENT,76.37,C1023347,617.22,540.84,M1010407,0.0,0.0,0,0,DEV_576,2025-01-18 15:45:00,2025-01-18,15,TXN_100535
581,CASH_OUT,446.31,C1027179,0.0,0.0,M1011147,0.0,446.31,0,0,DEV_146,2025-01-25 05:12:00,2025-01-25,5,TXN_100173
551,TRANSFER,3303.48,C1011980,18864.15,15560.66,M1013110,0.0,3303.48,0,0,DEV_833,2025-01-23 23:03:00,2025-01-23,23,TXN_100162
19,PAYMENT,238.17,C1019855,1728.35,1490.18,C2002657,44671.93,44671.93,0,0,DEV_573,2025-01-01 19:54:00,2025-01-01,19,TXN_100347
268,CASH_OUT,1440.83,C1008314,0.0,0.0,M1009130,24909.58,26350.41,0,0,DEV_808,2025-01-12 04:54:00,2025-01-12,4,TXN_100348
607,PAYMENT,180.41,C1025888,1046.32,865.91,C2006931,0.0,0.0,0,0,DEV_399,2025-01-26 07:51:00,2025-01-26,7,TXN_100105
557,CASH_OUT,494.36,C1017681,0.0,0.0,C2002694,0.0,494.36,0,0,DEV_416,2025-01-24 05:29:00,2025-01-24,5,TXN_100429
276,CASH_OUT,161.96,C1028602,0.0,0.0,C2012639,49879.86,50041.82,0,0,DEV_160,2025-01-12 12:04:00,2025-01-12,12,TXN_100345
205,CASH_OUT,1077.42,C1012201,4854.32,3776.9,M1001132,38338.77,39416.19,0,0,DEV_348,2025-01-09 13:24:00,2025-01-09,13,TXN_100479
40,CASH_OUT,1319.08,C1005459,7480.3,6161.21,M1008273,1155.52,2474.61,0,0,DEV_152,2025-01-02 16:56:00,2025-01-02,16,TXN_100185
511,TRANSFER,386421.33,C1003006,390901.12,0.0,M1008581,90414.69,476836.01,1,1,DEV_686,2025-01-22 07:57:00,2025-01-22,7,TXN_100542
462,PAYMENT,144.31,C1004541,816.09,671.78,C2002103,24162.65,24162.65,0,0,DEV_845,2025-01-20 06:43:00,2025-01-20,6,TXN_100069
516,CASH_IN,865.59,C1009336,4541.47,5407.06,M1004086,17749.5,18615.09,0,0,DEV_404,2025-01-22 12:06:00,2025-01-22,12,TXN_100193
444,CASH_OUT,182066.77,C1024809,183706.03,0.0,M1005833,42407.05,224473.81,1,1,DEV_904,2025-01-19 12:57:00,2025-01-19,12,TXN_100013
228,PAYMENT,18.1,C1022642,113.93,95.83,C2009931,21660.61,21660.61,0,0,DEV_456,2025-01-10 12:08:00,2025-01-10,12,TXN_100247
89,CASH_OUT,1762.88,C1014259,0.0,0.0,C2009281,47054.45,48817.33,0,0,DEV_387,2025-01-04 17:44:00,2025-01-04,17,TXN_100249
538,TRANSFER,945999.73,C1018060,949554.87,0.0,M1002128,77086.84,1023086.57,1,0,DEV_482,2025-01-23 10:40:00,2025-01-23,10,TXN_100379
108,PAYMENT,243.62,C1022859,741.68,498.07,M1008483,35909.42,35909.42,0,0,DEV_485,2025-01-05 12:10:00,2025-01-05,12,TXN_100028
39,TRANSFER,984650.49,C1001584,985052.07,0.0,C2008383,7582.58,992233.08,1,0,DEV_607,2025-01-02 15:45:00,2025-01-02,15,TXN_100154
200,CASH_OUT,977.65,C1003247,6956.99,5979.35,C2004953,47236.98,48214.62,0,0,DEV_575,2025-01-09 08:03:00,2025-01-09,8,TXN_100063
442,TRANSFER,1114.06,C1005864,0.0,0.0,C2000969,27040.71,28154.77,0,0,DEV_972,2025-01-19 10:45:00,2025-01-19,10,TXN_100491
339,CASH_OUT,993.06,C1024994,4202.26,3209.2,M1010266,0.0,993.06,0,0,DEV_167,2025-01-15 03:27:00,2025-01-15,3,TXN_100440
395,PAYMENT,87.75,C1015639,120.89,33.14,C2003322,0.0,0.0,0,0,DEV_164,2025-01-17 11:02:00,2025-01-17,11,TXN_100461
511,TRANSFER,324505.54,C1019539,329366.44,0.0,M1007709,18424.79,342930.34,1,0,DEV_268,2025-01-22 07:31:00,2025-01-22,7,TXN_100439
333,CASH_OUT,2128.63,C1010517,0.0,0.0,C2010472,0.0,2128.63,0,0,DEV_359,2025-01-14 21:49:00,2025-01-14,21,TXN_100304
44,CASH_OUT,2926.91,C1021967,28511.12,25584.22,C2012074,23164.59,26091.49,0,0,DEV_366,2025-01-02 20:17:00,2025-01-02,20,TXN_100137
497,TRANSFER,4957.56,C1004061,0.0,0.0,M1010240,32320.03,37277.59,0,0,DEV_646,2025-01-21 17:45:00,2025-01-21,17,TXN_100338
652,TRANSFER,2693.23,C1007783,11237.31,8544.07,M1013138,0.0,2693.23,0,0,DEV_613,2025-01-28 04:12:00,2025-01-28,4,TXN_100239
231,CASH_OUT,949422.33,C1001561,954407.62,0.0,C2009355,46583.65,996005.97,1,0,DEV_305,2025-01-10 15:49:00,2025-01-10,15,TXN_100058
88,PAYMENT,37.85,C1018650,98.3,60.45,M1008572,23686.27,23686.27,0,0,DEV_576,2025-01-04 16:55:00,2025-01-04,16,TXN_100140
169,PAYMENT,45.17,C1020641,0.0,0.0,M1003653,0.0,0.0,0,0,DEV_372,2025-01-08 01:47:00,2025-01-08,1,TXN_100071
303,CASH_OUT,5175.58,C1007790,0.0,0.0,C2013623,0.0,5175.58,0,0,DEV_835,2025-01-13 15:05:00,2025-01-13,15,TXN_100342
13,TRANSFER,928.06,C1000848,0.0,0.0,C2009984,49769.4,50697.47,0,0,DEV_450,2025-01-01 13:09:00,2025-01-01,13,TXN_100515
587,PAYMENT,45.29,C1002389,441.36,396.08,M1009543,0.0,0.0,0,0,DEV_360,2025-01-25 11:30:00,2025-01-25,11,TXN_100518
726,CASH_OUT,1096.75,C1017927,7230.75,6134.0,C2012808,31885.86,32982.61,0,0,DEV_373,2025-01-31 06:14:00,2025-01-31,6,TXN_100026
298,TRANSFER,76.96,C1001028,0.0,0.0,M1006884,17997.7,18074.66,0,0,DEV_907,2025-01-13 10:21:00,2025-01-13,10,TXN_100443
74,CASH_OUT,967.49,C1001522,8277.87,7310.38,C2005228,35151.43,36118.91,0,0,DEV_423,2025-01-04 02:41:00,2025-01-04,2,TXN_100194
73,TRANSFER,1182.75,C1027540,0.0,0.0,M1004677,0.0,1182.75,0,0,DEV_212,2025-01-04 01:17:00,2025-01-04,1,TXN_100129
280,PAYMENT,47.35,C1025514,406.92,359.57,M1012576,41551.07,41551.07,0,0,DEV_937,2025-01-12 16:38:00,2025-01-12,16,TXN_100448
213,TRANSFER,619.74,C1001024,1969.06,1349.32,C2002789,27351.58,27971.32,0,0,DEV_264,2025-01-09 21:31:00,2025-01-09,21,TXN_100488
556,TRANSFER,2895.87,C1007442,16198.39,13302.52,M1001847,13475.9,16371.77,0,0,DEV_942,2025-01-24 04:04:00,2025-01-24,4,TXN_100392
564,PAYMENT,51.74,C1020522,0.0,0.0,C2012248,0.0,0.0,0,0,DEV_260,2025-01-24 12:37:00,2025-01-24,12,TXN_100104
524,TRANSFER,555.03,C1015954,1540.17,985.14,C2002488,37610.49,38165.52,0,0,DEV_760,2025-01-22 20:30:00,2025-01-22,20,TXN_100217
610,PAYMENT,195.87,C1017387,1513.65,1317.78,C2010667,0.0,0.0,0,0,DEV_367,2025-01-26 10:57:00,2025-01-26,10,TXN_100343
465,CASH_OUT,460162.21,C1029789,460926.82,0.0,M1003344,3184.57,463346.78,1,0,DEV_759,2025-01-20 09:24:00,2025-01-20,9,TXN_100248
729,TRANSFER,86.31,C1018451,808.76,722.46,M1011054,0.0,86.31,0,0,DEV_122,2025-01-31 09:56:00,2025-01-31,9,TXN_100037
469,PAYMENT,296.83,C1009660,2527.09,2230.26,M1011843,33716.9,33716.9,0,0,DEV_514,2025-01-20 13:03:00,2025-01-20,13,TXN_100500
36,TRANSFER,2878.04,C1021733,17988.76,15110.73,M1008316,18107.72,20985.76,0,0,DEV_422,2025-01-02 12:44:00,2025-01-02,12,TXN_100099
569,CASH_OUT,343882.13,C1019681,348183.62,0.0,M1003909,39568.71,383450.84,1,0,DEV_966,2025-01-24 17:32:00,2025-01-24,17,TXN_100090
75,CASH_IN,686.66,C1009407,2336.09,3022.74,M1012167,0.0,686.66,0,0,DEV_894,2025-01-04 03:59:00,2025-01-04,3,TXN_100234
692,CASH_IN,702.52,C1010990,5343.81,6046.33,M1012529,0.0,702.52,0,0,DEV_696,2025-01-29 20:06:00,2025-01-29,20,TXN_100482
39,PAYMENT,694.58,C1006427,4596.79,3902.21,M1000014,9568.38,9568.38,0,0,DEV_957,2025-01-02 15:38:00,2025-01-02,15,TXN_100319
489,TRANSFER,77.37,C1016282,514.56,437.19,C2012681,5502.43,5579.79,0,0,DEV_326,2025-01-21 09:13:00,2025-01-21,9,TXN_100453
403,PAYMENT,84.36,C1027654,0.0,0.0,C2000947,0.0,0.0,0,0,DEV_691,2025-01-17 19:54:00,2025-01-17,19,TXN_100641
441,CASH_OUT,224.61,C1009702,0.0,0.0,C2000175,19053.24,19277.85,0,0,DEV_469,2025-01-19 09:37:00,2025-01-19,9,TXN_100120
573,CASH_OUT,1502.03,C1007213,0.0,0.0,M1001512,0.0,1502.03,0,0,DEV_757,2025-01-24 21:39:00,2025-01-24,21,TXN_100624
607,CASH_OUT,1117.06,C1003500,9405.06,8288.0,M1013628,0.0,1117.06,0,0,DEV_981,2025-01-26 07:12:00,2025-01-26,7,TXN_100361
298,PAYMENT,11.49,C1014743,80.2,68.71,C2011395,24308.7,24308.7,0,0,DEV_276,2025-01-13 10:24:00,2025-01-13,10,TXN_100109
742,TRANSFER,3313.7,C1002173,0.0,0.0,M1006517,0.0,3313.7,0,0,DEV_944,2025-01-31 22:21:00,2025-01-31,22,TXN_100038
384,TRANSFER,771.28,C1029597,5892.86,5121.58,C2002444,36119.53,36890.81,0,0,DEV_191,2025-01-17 00:28:00,2025-01-17,0,TXN_100354
597,CASH_OUT,307939.94,C1001233,310579.37,0.0,M1013902,64616.34,372556.28,1,0,DEV_255,2025-01-25 21:31:00,2025-01-25,21,TXN_100507
415,TRANSFER,1586.12,C1014262,5052.53,3466.41,M1004742,0.0,1586.12,0,0,DEV_131,2025-01-18 07:10:00,2025-01-18,7,TXN_100497
213,CASH_OUT,531449.17,C1029489,531863.83,0.0,C2004090,34522.53,565971.71,1,0,DEV_537,2025-01-09 21:41:00,2025-01-09,21,TXN_100415
525,PAYMENT,83.92,C1018459,157.46,73.54,C2003529,0.0,0.0,0,0,DEV_391,2025-01-22 21:20:00,2025-01-22,21,TXN_100139
47,TRANSFER,773.98,C1012313,0.0,0.0,C2002079,0.0,773.98,0,0,DEV_748,2025-01-02 23:26:00,2025-01-02,23,TXN_100607
304,PAYMENT,90.66,C1028475,0.0,0.0,C2002350,0.0,0.0,0,0,DEV_379,2025-01-13 16:10:00,2025-01-13,16,TXN_100172
254,TRANSFER,1079.27,C1003656,4081.47,3002.21,C2006153,3130.58,4209.85,0,0,DEV_386,2025-01-11 14:20:00,2025-01-11,14,TXN_100362
316,CASH_OUT,596531.17,C1013363,598668.29,0.0,M1005903,5105.59,601636.77,1,0,DEV_932,2025-01-14 04:54:00,2025-01-14,4,TXN_100619
221,CASH_OUT,53.73,C1018736,0.0,0.0,M1010031,0.0,53.73,0,0,DEV_862,2025-01-10 05:26:00,2025-01-10,5,TXN_100064
456,CASH_OUT,595344.76,C1025334,599563.38,0.0,C2009747,2742.5,598087.26,1,0,DEV_185,2025-01-20 00:30:00,2025-01-20,0,TXN_100086
30,TRANSFER,817584.87,C1017475,821387.58,0.0,C2002570,89808.92,907393.79,1,0,DEV_301,2025-01-02 06:14:00,2025-01-02,6,TXN_100328
250,CASH_OUT,591771.19,C1022830,595410.03,0.0,M1010960,66396.37,658167.55,1,0,DEV_234,2025-01-11 10:55:00,2025-01-11,10,TXN_100545
396,TRANSFER,1790.45,C1006670,1937.33,146.88,C2003440,0.0,1790.45,0,0,DEV_165,2025-01-17 12:58:00,2025-01-17,12,TXN_100271
21,PAYMENT,322.01,C1015577,714.25,392.24,C2011749,0.0,0.0,0,0,DEV_749,2025-01-01 21:31:00,2025-01-01,21,TXN_100231
200,TRANSFER,422971.53,C1024553,424665.78,0.0,C2007273,46237.93,469209.46,1,1,DEV_393,2025-01-09 08:57:00,2025-01-09,8,TXN_100526
